{"stats":{"minecraft:custom":{"minecraft:interact_with_furnace":29,"minecraft:mob_kills":20,"minecraft:interact_with_crafting_table":22,"minecraft:leave_game":5,"minecraft:time_since_death":19920,"minecraft:sleep_in_bed":1,"minecraft:time_since_rest":20037,"minecraft:sprint_one_cm":354632,"minecraft:damage_taken":1703,"minecraft:walk_one_cm":441354,"minecraft:damage_blocked_by_shield":308,"minecraft:drop":28,"minecraft:damage_dealt":4124,"minecraft:swim_one_cm":6107,"minecraft:talked_to_villager":1,"minecraft:fly_one_cm":357340,"minecraft:open_chest":4,"minecraft:crouch_one_cm":60962,"minecraft:play_time":194012,"minecraft:deaths":3,"minecraft:sneak_time":22095,"minecraft:walk_under_water_one_cm":9582,"minecraft:jump":2827,"minecraft:walk_on_water_one_cm":13687,"minecraft:enchant_item":4,"minecraft:total_world_time":194012,"minecraft:fall_one_cm":63524},"minecraft:killed":{"minecraft:cave_spider":1,"minecraft:pig":3,"minecraft:rabbit":4,"minecraft:iron_golem":1,"minecraft:skeleton":3,"minecraft:zombie":4,"minecraft:enderman":2},"minecraft:crafted":{"minecraft:cooked_beef":1,"minecraft:wooden_sword":1,"minecraft:cooked_porkchop":7,"minecraft:crafting_table":1,"minecraft:spruce_planks":68,"minecraft:iron_helmet":1,"minecraft:wooden_pickaxe":1,"minecraft:furnace":1,"minecraft:bucket":2,"minecraft:air":0,"minecraft:iron_chestplate":1,"minecraft:stick":28,"minecraft:iron_ingot":8,"minecraft:stone_pickaxe":3,"minecraft:wooden_axe":1,"minecraft:stone_sword":1,"minecraft:iron_leggings":1,"minecraft:torch":12,"minecraft:cooked_rabbit":4},"minecraft:killed_by":{"minecraft:zombie":2},"minecraft:dropped":{"minecraft:bread":5,"minecraft:wheat_seeds":10,"minecraft:stone_sword":2,"minecraft:ender_pearl":1,"minecraft:crafting_table":1,"minecraft:cooked_porkchop":2,"minecraft:rotten_flesh":14,"minecraft:cooked_mutton":4,"minecraft:coal":45,"minecraft:diamond_sword":1,"minecraft:shield":2,"minecraft:spruce_planks":42,"minecraft:oak_sapling":1,"minecraft:gold_nugget":2,"minecraft:string":10,"minecraft:bone":5},"minecraft:mined":{"minecraft:white_bed":1,"minecraft:deepslate_diamond_ore":1,"minecraft:crafting_table":6,"minecraft:torch":4,"minecraft:granite":2,"minecraft:grass_block":14,"minecraft:copper_ore":1,"minecraft:tall_grass":1,"minecraft:cobblestone":21,"minecraft:spruce_leaves":8,"minecraft:wall_torch":6,"minecraft:furnace":2,"minecraft:iron_ore":12,"minecraft:spruce_log":24,"minecraft:andesite":7,"minecraft:grass":20,"minecraft:pointed_dripstone":2,"minecraft:coal_ore":54,"minecraft:dirt_path":1,"minecraft:gravel":2,"minecraft:dripstone_block":4,"minecraft:dirt":3,"minecraft:cobweb":9,"minecraft:stone":278,"minecraft:netherrack":14,"minecraft:oak_leaves":3,"minecraft:deepslate":12},"minecraft:used":{"minecraft:stone_sword":69,"minecraft:stone_pickaxe":347,"minecraft:shield":14,"minecraft:wooden_pickaxe":52,"minecraft:torch":22,"minecraft:golden_apple":1,"minecraft:dirt":16,"minecraft:crafting_table":7,"minecraft:granite":1,"minecraft:spruce_log":4,"minecraft:wooden_axe":32,"minecraft:diamond_pickaxe":37,"minecraft:iron_axe":1,"minecraft:bread":8,"minecraft:wooden_sword":17,"minecraft:diamond_sword":72,"minecraft:cobblestone":202,"minecraft:furnace":2,"minecraft:cooked_porkchop":6,"minecraft:cooked_rabbit":4,"minecraft:bucket":1,"minecraft:cooked_beef":1},"minecraft:picked_up":{"minecraft:wooden_axe":3,"minecraft:crafting_table":9,"minecraft:iron_chestplate":6,"minecraft:wheat":8,"minecraft:water_bucket":1,"minecraft:andesite":7,"minecraft:diamond_sword":4,"minecraft:tuff":1,"minecraft:shield":5,"minecraft:lapis_lazuli":233,"minecraft:string":23,"minecraft:dirt":42,"minecraft:raw_copper":11,"minecraft:iron_axe":2,"minecraft:wooden_sword":3,"minecraft:iron_leggings":1,"minecraft:cooked_mutton":4,"minecraft:bone":21,"minecraft:wheat_seeds":26,"minecraft:gold_nugget":6,"minecraft:cobbled_deepslate":30,"minecraft:rabbit_hide":12,"minecraft:spruce_planks":10,"minecraft:stone_pickaxe":3,"minecraft:iron_ingot":31,"minecraft:rabbit":4,"minecraft:oak_planks":6,"minecraft:iron_boots":3,"minecraft:furnace":5,"minecraft:stick":26,"minecraft:raw_iron":12,"minecraft:cooked_porkchop":3,"minecraft:torch":18,"minecraft:dripstone_block":22,"minecraft:gravel":16,"minecraft:porkchop":7,"minecraft:pointed_dripstone":10,"minecraft:grass_block":2,"minecraft:white_bed":3,"minecraft:spruce_log":33,"minecraft:redstone":8,"minecraft:stone_sword":9,"minecraft:arrow":8,"minecraft:rotten_flesh":48,"minecraft:diamond":3,"minecraft:stone_axe":2,"minecraft:iron_helmet":1,"minecraft:granite":2,"minecraft:golden_apple":1,"minecraft:bread":19,"minecraft:oak_sapling":5,"minecraft:netherrack":15,"minecraft:coal":68,"minecraft:diamond_pickaxe":3,"minecraft:cobblestone":648,"minecraft:ender_pearl":1},"minecraft:broken":{"minecraft:stone_pickaxe":2}},"DataVersion":3337}