{"stats":{"minecraft:custom":{"minecraft:mob_kills":25,"minecraft:interact_with_crafting_table":23,"minecraft:leave_game":5,"minecraft:time_since_death":18108,"minecraft:climb_one_cm":2176,"minecraft:sprint_one_cm":401716,"minecraft:walk_one_cm":560378,"minecraft:damage_blocked_by_shield":308,"minecraft:drop":29,"minecraft:talked_to_villager":1,"minecraft:play_time":254012,"minecraft:deaths":8,"minecraft:sneak_time":32384,"minecraft:walk_under_water_one_cm":9582,"minecraft:jump":3298,"minecraft:walk_on_water_one_cm":13943,"minecraft:enchant_item":4,"minecraft:total_world_time":254012,"minecraft:interact_with_furnace":33,"minecraft:sleep_in_bed":1,"minecraft:time_since_rest":18157,"minecraft:damage_taken":3305,"minecraft:damage_dealt":5731,"minecraft:swim_one_cm":6107,"minecraft:fly_one_cm":401070,"minecraft:open_chest":7,"minecraft:crouch_one_cm":93274,"minecraft:fall_one_cm":78144},"minecraft:killed":{"minecraft:cave_spider":1,"minecraft:skeleton":3,"minecraft:pig":3,"minecraft:rabbit":4,"minecraft:iron_golem":1,"minecraft:zombie":8,"minecraft:enderman":3},"minecraft:crafted":{"minecraft:wooden_sword":1,"minecraft:furnace":1,"minecraft:diamond_helmet":1,"minecraft:diamond_leggings":1,"minecraft:stone_pickaxe":3,"minecraft:diamond_boots":1,"minecraft:cooked_rabbit":4,"minecraft:cooked_beef":1,"minecraft:diamond_sword":1,"minecraft:cooked_porkchop":7,"minecraft:diamond_axe":1,"minecraft:crafting_table":1,"minecraft:spruce_planks":88,"minecraft:wooden_pickaxe":1,"minecraft:iron_helmet":1,"minecraft:bucket":2,"minecraft:air":0,"minecraft:iron_chestplate":1,"minecraft:diamond_pickaxe":1,"minecraft:stick":68,"minecraft:iron_ingot":11,"minecraft:iron_pickaxe":1,"minecraft:wooden_axe":1,"minecraft:stone_sword":1,"minecraft:iron_leggings":1,"minecraft:torch":12,"minecraft:diamond_chestplate":1},"minecraft:killed_by":{"minecraft:warden":4,"minecraft:zombie":2},"minecraft:dropped":{"minecraft:bread":5,"minecraft:wheat_seeds":10,"minecraft:ender_pearl":1,"minecraft:crafting_table":1,"minecraft:cooked_porkchop":2,"minecraft:coal":45,"minecraft:iron_leggings":1,"minecraft:gold_nugget":2,"minecraft:string":10,"minecraft:bone":5,"minecraft:stone_sword":2,"minecraft:rotten_flesh":14,"minecraft:cooked_mutton":4,"minecraft:diamond_sword":1,"minecraft:shield":2,"minecraft:spruce_planks":42,"minecraft:oak_sapling":1},"minecraft:used":{"minecraft:stone_sword":69,"minecraft:diamond_hoe":7,"minecraft:shield":14,"minecraft:netherrack":15,"minecraft:oak_door":1,"minecraft:torch":26,"minecraft:dirt":20,"minecraft:granite":1,"minecraft:wooden_axe":32,"minecraft:iron_axe":6,"minecraft:furnace":3,"minecraft:cooked_beef":1,"minecraft:iron_leggings":1,"minecraft:stone_pickaxe":347,"minecraft:wooden_pickaxe":52,"minecraft:diamond_axe":2,"minecraft:golden_apple":1,"minecraft:crafting_table":8,"minecraft:spruce_log":4,"minecraft:diamond_pickaxe":594,"minecraft:bread":8,"minecraft:diamond_sword":136,"minecraft:wooden_sword":17,"minecraft:cobblestone":228,"minecraft:cooked_porkchop":6,"minecraft:cooked_rabbit":4,"minecraft:bucket":1},"minecraft:mined":{"minecraft:diamond_ore":4,"minecraft:tuff":8,"minecraft:spruce_planks":2,"minecraft:white_bed":1,"minecraft:deepslate_diamond_ore":30,"minecraft:oak_door":1,"minecraft:sculk_vein":2,"minecraft:granite":34,"minecraft:grass_block":17,"minecraft:spruce_leaves":9,"minecraft:hay_block":1,"minecraft:furnace":2,"minecraft:iron_ore":61,"minecraft:andesite":34,"minecraft:deepslate_lapis_ore":2,"minecraft:sculk_shrieker":1,"minecraft:pointed_dripstone":2,"minecraft:dirt_path":1,"minecraft:stone":474,"minecraft:cornflower":1,"minecraft:crafting_table":7,"minecraft:torch":6,"minecraft:poppy":1,"minecraft:sculk_sensor":2,"minecraft:cobblestone":26,"minecraft:copper_ore":1,"minecraft:tall_grass":1,"minecraft:oak_planks":1,"minecraft:sculk":2,"minecraft:wall_torch":8,"minecraft:spruce_log":29,"minecraft:grass":25,"minecraft:coal_ore":115,"minecraft:gravel":10,"minecraft:dripstone_block":4,"minecraft:dirt":7,"minecraft:cobweb":9,"minecraft:netherrack":14,"minecraft:gold_ore":1,"minecraft:oak_leaves":3,"minecraft:deepslate":148},"minecraft:picked_up":{"minecraft:wooden_axe":3,"minecraft:wheat":12,"minecraft:iron_chestplate":7,"minecraft:crafting_table":10,"minecraft:diamond_sword":5,"minecraft:shield":6,"minecraft:cornflower":1,"minecraft:string":33,"minecraft:raw_copper":11,"minecraft:iron_axe":3,"minecraft:wooden_sword":3,"minecraft:iron_leggings":4,"minecraft:gold_nugget":6,"minecraft:cobbled_deepslate":297,"minecraft:spruce_planks":12,"minecraft:poppy":1,"minecraft:diamond_hoe":1,"minecraft:iron_boots":4,"minecraft:furnace":6,"minecraft:raw_iron":61,"minecraft:stick":26,"minecraft:oak_door":3,"minecraft:torch":24,"minecraft:porkchop":7,"minecraft:pointed_dripstone":10,"minecraft:redstone":16,"minecraft:stone_sword":9,"minecraft:arrow":8,"minecraft:rotten_flesh":55,"minecraft:cobblestone":1060,"minecraft:water_bucket":2,"minecraft:andesite":61,"minecraft:flint":2,"minecraft:tuff":18,"minecraft:lapis_lazuli":377,"minecraft:dirt":53,"minecraft:cooked_mutton":4,"minecraft:bone":21,"minecraft:wheat_seeds":32,"minecraft:raw_gold":2,"minecraft:rabbit_hide":12,"minecraft:iron_ingot":31,"minecraft:stone_pickaxe":3,"minecraft:rabbit":4,"minecraft:oak_planks":8,"minecraft:cooked_porkchop":3,"minecraft:gravel":30,"minecraft:dripstone_block":22,"minecraft:spruce_log":38,"minecraft:white_bed":3,"minecraft:grass_block":2,"minecraft:diamond":36,"minecraft:stone_axe":2,"minecraft:iron_helmet":2,"minecraft:granite":66,"minecraft:golden_apple":1,"minecraft:gray_wool":47,"minecraft:bread":19,"minecraft:oak_sapling":5,"minecraft:netherrack":15,"minecraft:coal":170,"minecraft:ender_pearl":1,"minecraft:diamond_pickaxe":4},"minecraft:broken":{"minecraft:stone_pickaxe":2}},"DataVersion":3337}