{"stats":{"minecraft:dropped":{"minecraft:stone_sword":1,"minecraft:crafting_table":1,"minecraft:cooked_porkchop":2,"minecraft:coal":45,"minecraft:shield":1,"minecraft:spruce_planks":42},"minecraft:crafted":{"minecraft:cooked_beef":1,"minecraft:wooden_sword":1,"minecraft:cooked_porkchop":7,"minecraft:crafting_table":1,"minecraft:spruce_planks":68,"minecraft:wooden_pickaxe":1,"minecraft:furnace":1,"minecraft:air":0,"minecraft:iron_chestplate":1,"minecraft:stick":28,"minecraft:iron_ingot":8,"minecraft:stone_pickaxe":3,"minecraft:wooden_axe":1,"minecraft:stone_sword":1,"minecraft:torch":12,"minecraft:cooked_rabbit":4},"minecraft:broken":{"minecraft:stone_pickaxe":2},"minecraft:mined":{"minecraft:white_bed":1,"minecraft:crafting_table":5,"minecraft:torch":4,"minecraft:granite":2,"minecraft:grass_block":13,"minecraft:cobblestone":11,"minecraft:copper_ore":1,"minecraft:spruce_leaves":8,"minecraft:wall_torch":6,"minecraft:furnace":2,"minecraft:iron_ore":8,"minecraft:spruce_log":24,"minecraft:andesite":7,"minecraft:grass":9,"minecraft:pointed_dripstone":1,"minecraft:coal_ore":54,"minecraft:dirt_path":1,"minecraft:gravel":2,"minecraft:dripstone_block":4,"minecraft:dirt":2,"minecraft:stone":277,"minecraft:oak_leaves":2,"minecraft:deepslate":12},"minecraft:killed":{"minecraft:pig":3,"minecraft:rabbit":4,"minecraft:skeleton":2,"minecraft:zombie":3,"minecraft:enderman":1},"minecraft:custom":{"minecraft:interact_with_furnace":26,"minecraft:mob_kills":15,"minecraft:interact_with_crafting_table":14,"minecraft:leave_game":4,"minecraft:time_since_death":62882,"minecraft:time_since_rest":62914,"minecraft:sprint_one_cm":201387,"minecraft:damage_taken":846,"minecraft:walk_one_cm":277902,"minecraft:damage_blocked_by_shield":160,"minecraft:drop":8,"minecraft:damage_dealt":2074,"minecraft:fly_one_cm":128992,"minecraft:open_chest":4,"minecraft:crouch_one_cm":40383,"minecraft:play_time":114341,"minecraft:deaths":1,"minecraft:sneak_time":15643,"minecraft:jump":1465,"minecraft:walk_on_water_one_cm":1916,"minecraft:total_world_time":114341,"minecraft:fall_one_cm":26444},"minecraft:picked_up":{"minecraft:wooden_axe":1,"minecraft:iron_chestplate":2,"minecraft:crafting_table":7,"minecraft:andesite":7,"minecraft:diamond_sword":1,"minecraft:shield":2,"minecraft:string":1,"minecraft:dirt":21,"minecraft:raw_copper":7,"minecraft:wooden_sword":1,"minecraft:bone":3,"minecraft:wheat_seeds":4,"minecraft:gold_nugget":2,"minecraft:cobbled_deepslate":12,"minecraft:spruce_planks":10,"minecraft:rabbit_hide":6,"minecraft:stone_pickaxe":2,"minecraft:rabbit":4,"minecraft:iron_boots":1,"minecraft:furnace":3,"minecraft:raw_iron":8,"minecraft:torch":18,"minecraft:dripstone_block":5,"minecraft:gravel":2,"minecraft:porkchop":7,"minecraft:pointed_dripstone":1,"minecraft:white_bed":2,"minecraft:spruce_log":33,"minecraft:stone_sword":3,"minecraft:arrow":2,"minecraft:rotten_flesh":10,"minecraft:granite":2,"minecraft:golden_apple":1,"minecraft:bread":4,"minecraft:oak_sapling":2,"minecraft:coal":68,"minecraft:cobblestone":367,"minecraft:diamond_pickaxe":1},"minecraft:killed_by":{"minecraft:zombie":1},"minecraft:used":{"minecraft:stone_sword":68,"minecraft:stone_pickaxe":347,"minecraft:shield":6,"minecraft:wooden_pickaxe":52,"minecraft:torch":22,"minecraft:dirt":5,"minecraft:crafting_table":5,"minecraft:granite":1,"minecraft:spruce_log":4,"minecraft:wooden_axe":32,"minecraft:diamond_pickaxe":4,"minecraft:wooden_sword":17,"minecraft:diamond_sword":11,"minecraft:cobblestone":36,"minecraft:furnace":2,"minecraft:cooked_porkchop":4,"minecraft:cooked_rabbit":4,"minecraft:cooked_beef":1}},"DataVersion":3337}