{"stats":{"minecraft:crafted":{"minecraft:wooden_sword":1,"minecraft:crafting_table":1,"minecraft:spruce_planks":28,"minecraft:stick":8,"minecraft:wooden_pickaxe":1,"minecraft:stone_pickaxe":1,"minecraft:wooden_axe":1},"minecraft:mined":{"minecraft:grass":1,"minecraft:spruce_log":17,"minecraft:stone":43,"minecraft:crafting_table":2},"minecraft:picked_up":{"minecraft:crafting_table":2,"minecraft:spruce_log":16,"minecraft:cobblestone":43},"minecraft:custom":{"minecraft:time_since_rest":16105,"minecraft:sprint_one_cm":20116,"minecraft:crouch_one_cm":6656,"minecraft:play_time":16105,"minecraft:damage_taken":20,"minecraft:walk_one_cm":11550,"minecraft:sneak_time":1809,"minecraft:jump":153,"minecraft:walk_on_water_one_cm":1489,"minecraft:leave_game":3,"minecraft:time_since_death":16105,"minecraft:total_world_time":16105,"minecraft:interact_with_crafting_table":6,"minecraft:fall_one_cm":2507,"minecraft:fly_one_cm":23990},"minecraft:used":{"minecraft:wooden_axe":12,"minecraft:crafting_table":2,"minecraft:wooden_pickaxe":43}},"DataVersion":3337}