{"stats":{"minecraft:dropped":{"minecraft:bread":5,"minecraft:stone_sword":1,"minecraft:ender_pearl":1,"minecraft:crafting_table":1,"minecraft:cooked_porkchop":2,"minecraft:rotten_flesh":12,"minecraft:coal":45,"minecraft:diamond_sword":1,"minecraft:shield":2,"minecraft:spruce_planks":42,"minecraft:oak_sapling":1,"minecraft:bone":5},"minecraft:crafted":{"minecraft:cooked_beef":1,"minecraft:wooden_sword":1,"minecraft:cooked_porkchop":7,"minecraft:crafting_table":1,"minecraft:spruce_planks":68,"minecraft:wooden_pickaxe":1,"minecraft:furnace":1,"minecraft:bucket":1,"minecraft:air":0,"minecraft:iron_chestplate":1,"minecraft:stick":28,"minecraft:iron_ingot":8,"minecraft:stone_pickaxe":3,"minecraft:wooden_axe":1,"minecraft:stone_sword":1,"minecraft:torch":12,"minecraft:cooked_rabbit":4},"minecraft:broken":{"minecraft:stone_pickaxe":2},"minecraft:mined":{"minecraft:white_bed":1,"minecraft:crafting_table":6,"minecraft:torch":4,"minecraft:granite":2,"minecraft:grass_block":13,"minecraft:cobblestone":11,"minecraft:copper_ore":1,"minecraft:spruce_leaves":8,"minecraft:wall_torch":6,"minecraft:furnace":2,"minecraft:iron_ore":8,"minecraft:spruce_log":24,"minecraft:andesite":7,"minecraft:grass":15,"minecraft:pointed_dripstone":1,"minecraft:coal_ore":54,"minecraft:dirt_path":1,"minecraft:gravel":2,"minecraft:dripstone_block":4,"minecraft:dirt":2,"minecraft:stone":277,"minecraft:oak_leaves":3,"minecraft:deepslate":12},"minecraft:killed":{"minecraft:pig":3,"minecraft:rabbit":4,"minecraft:skeleton":3,"minecraft:zombie":3,"minecraft:enderman":2},"minecraft:custom":{"minecraft:interact_with_furnace":29,"minecraft:mob_kills":17,"minecraft:interact_with_crafting_table":16,"minecraft:leave_game":4,"minecraft:time_since_death":23826,"minecraft:sleep_in_bed":1,"minecraft:time_since_rest":4006,"minecraft:sprint_one_cm":282244,"minecraft:damage_taken":1181,"minecraft:walk_one_cm":363888,"minecraft:damage_blocked_by_shield":178,"minecraft:drop":19,"minecraft:damage_dealt":2491,"minecraft:swim_one_cm":6107,"minecraft:fly_one_cm":247387,"minecraft:open_chest":4,"minecraft:crouch_one_cm":49149,"minecraft:play_time":150341,"minecraft:deaths":2,"minecraft:sneak_time":18119,"minecraft:walk_under_water_one_cm":4023,"minecraft:jump":2121,"minecraft:walk_on_water_one_cm":11728,"minecraft:enchant_item":4,"minecraft:total_world_time":150341,"minecraft:fall_one_cm":40725},"minecraft:picked_up":{"minecraft:wooden_axe":2,"minecraft:wheat":4,"minecraft:iron_chestplate":4,"minecraft:crafting_table":9,"minecraft:andesite":7,"minecraft:diamond_sword":3,"minecraft:shield":4,"minecraft:lapis_lazuli":119,"minecraft:string":3,"minecraft:dirt":31,"minecraft:raw_copper":9,"minecraft:iron_axe":1,"minecraft:wooden_sword":2,"minecraft:bone":14,"minecraft:wheat_seeds":10,"minecraft:gold_nugget":4,"minecraft:cobbled_deepslate":30,"minecraft:spruce_planks":10,"minecraft:rabbit_hide":9,"minecraft:iron_ingot":3,"minecraft:stone_pickaxe":3,"minecraft:rabbit":4,"minecraft:iron_boots":2,"minecraft:furnace":4,"minecraft:stick":13,"minecraft:raw_iron":8,"minecraft:cooked_porkchop":1,"minecraft:torch":18,"minecraft:dripstone_block":10,"minecraft:gravel":16,"minecraft:porkchop":7,"minecraft:pointed_dripstone":2,"minecraft:grass_block":1,"minecraft:white_bed":3,"minecraft:spruce_log":33,"minecraft:stone_sword":5,"minecraft:arrow":8,"minecraft:rotten_flesh":34,"minecraft:diamond":2,"minecraft:granite":2,"minecraft:golden_apple":1,"minecraft:bread":12,"minecraft:oak_sapling":4,"minecraft:coal":68,"minecraft:ender_pearl":1,"minecraft:cobblestone":535,"minecraft:diamond_pickaxe":2},"minecraft:killed_by":{"minecraft:zombie":2},"minecraft:used":{"minecraft:stone_sword":69,"minecraft:stone_pickaxe":347,"minecraft:shield":8,"minecraft:wooden_pickaxe":52,"minecraft:torch":22,"minecraft:golden_apple":1,"minecraft:dirt":5,"minecraft:crafting_table":6,"minecraft:granite":1,"minecraft:spruce_log":4,"minecraft:wooden_axe":32,"minecraft:diamond_pickaxe":4,"minecraft:iron_axe":1,"minecraft:bread":3,"minecraft:wooden_sword":17,"minecraft:diamond_sword":26,"minecraft:cobblestone":83,"minecraft:furnace":2,"minecraft:cooked_porkchop":5,"minecraft:cooked_rabbit":4,"minecraft:bucket":1,"minecraft:cooked_beef":1}},"DataVersion":3337}