{"stats":{"minecraft:killed_by":{"minecraft:zombie":1},"minecraft:picked_up":{"minecraft:oak_log":64,"minecraft:stone":64},"minecraft:custom":{"minecraft:jump":25,"minecraft:time_since_rest":6181,"minecraft:damage_taken":255,"minecraft:play_time":9479,"minecraft:walk_one_cm":3256,"minecraft:leave_game":2,"minecraft:sprint_one_cm":890,"minecraft:time_since_death":4122,"minecraft:deaths":1,"minecraft:total_world_time":9479,"minecraft:fall_one_cm":1045,"minecraft:fly_one_cm":4464}},"DataVersion":3337}