{"stats":{"minecraft:dropped":{"minecraft:wheat_seeds":9,"minecraft:wooden_pickaxe":1},"minecraft:mined":{"minecraft:white_bed":5,"minecraft:oak_door":2,"minecraft:crafting_table":4,"minecraft:torch":1,"minecraft:grass_block":7,"minecraft:cobblestone":9,"minecraft:tall_grass":6,"minecraft:sugar_cane":11,"minecraft:hay_block":9,"minecraft:birch_planks":2,"minecraft:furnace":4,"minecraft:birch_log":5,"minecraft:iron_ore":17,"minecraft:fire":1,"minecraft:grass":37,"minecraft:coal_ore":20,"minecraft:oak_log":11,"minecraft:sunflower":2,"minecraft:gravel":6,"minecraft:acacia_planks":6,"minecraft:stone":78,"minecraft:oak_leaves":4},"minecraft:used":{"minecraft:water_bucket":19,"minecraft:stone_sword":63,"minecraft:flint_and_steel":1,"minecraft:birch_planks":8,"minecraft:stone_pickaxe":126,"minecraft:oak_planks":8,"minecraft:shield":7,"minecraft:wooden_pickaxe":3,"minecraft:sugar_cane":24,"minecraft:oak_door":3,"minecraft:torch":2,"minecraft:dirt":7,"minecraft:crafting_table":5,"minecraft:white_bed":6,"minecraft:lava_bucket":13,"minecraft:iron_pickaxe":1,"minecraft:spruce_sapling":1,"minecraft:gravel":5,"minecraft:stone_axe":27,"minecraft:cobblestone":58,"minecraft:furnace":4,"minecraft:bucket":33,"minecraft:cooked_beef":9,"minecraft:acacia_planks":261},"minecraft:killed":{"minecraft:pig":3,"minecraft:horse":3,"minecraft:sheep":5,"minecraft:skeleton":1,"minecraft:zombie":1,"minecraft:donkey":1,"minecraft:drowned":1,"minecraft:cow":13},"minecraft:custom":{"minecraft:interact_with_furnace":14,"minecraft:mob_kills":29,"minecraft:interact_with_crafting_table":13,"minecraft:leave_game":2,"minecraft:time_since_death":58302,"minecraft:sleep_in_bed":5,"minecraft:time_since_rest":2713,"minecraft:sprint_one_cm":162413,"minecraft:damage_taken":320,"minecraft:walk_one_cm":99107,"minecraft:damage_blocked_by_shield":305,"minecraft:drop":3,"minecraft:damage_dealt":3320,"minecraft:talked_to_villager":1,"minecraft:swim_one_cm":11768,"minecraft:fly_one_cm":284986,"minecraft:open_chest":2,"minecraft:crouch_one_cm":10997,"minecraft:play_time":58302,"minecraft:sneak_time":4545,"minecraft:walk_under_water_one_cm":10213,"minecraft:jump":1316,"minecraft:walk_on_water_one_cm":8210,"minecraft:total_world_time":58302,"minecraft:fall_one_cm":30438},"minecraft:crafted":{"minecraft:cooked_beef":11,"minecraft:oak_door":3,"minecraft:oak_planks":44,"minecraft:crafting_table":2,"minecraft:wooden_pickaxe":1,"minecraft:furnace":2,"minecraft:bucket":1,"minecraft:birch_planks":20,"minecraft:stone_axe":1,"minecraft:air":0,"minecraft:flint_and_steel":1,"minecraft:shield":1,"minecraft:stick":16,"minecraft:iron_ingot":14,"minecraft:iron_pickaxe":1,"minecraft:stone_pickaxe":1,"minecraft:stone_sword":1,"minecraft:white_bed":1,"minecraft:acacia_planks":256,"minecraft:torch":12,"minecraft:wheat":81},"minecraft:picked_up":{"minecraft:birch_log":5,"minecraft:crafting_table":4,"minecraft:leather":15,"minecraft:birch_planks":2,"minecraft:flint":1,"minecraft:oak_log":11,"minecraft:dirt":23,"minecraft:string":2,"minecraft:acacia_planks":6,"minecraft:wheat_seeds":11,"minecraft:beef":23,"minecraft:sugar_cane":24,"minecraft:furnace":4,"minecraft:raw_iron":18,"minecraft:oak_door":3,"minecraft:torch":1,"minecraft:acacia_log":64,"minecraft:gravel":5,"minecraft:porkchop":6,"minecraft:spruce_sapling":1,"minecraft:white_bed":5,"minecraft:arrow":1,"minecraft:rotten_flesh":4,"minecraft:hay_block":9,"minecraft:gray_wool":1,"minecraft:oak_sapling":2,"minecraft:mutton":8,"minecraft:coal":25,"minecraft:cobblestone":84,"minecraft:white_wool":4}},"DataVersion":3337}