{"stats":{"minecraft:killed":{"minecraft:sheep":4,"minecraft:skeleton":1,"minecraft:zombie":1,"minecraft:cow":12},"minecraft:used":{"minecraft:water_bucket":3,"minecraft:stone_sword":33,"minecraft:stone_pickaxe":99,"minecraft:wooden_pickaxe":9,"minecraft:shield":17,"minecraft:torch":6,"minecraft:dirt":9,"minecraft:crafting_table":3,"minecraft:white_bed":1,"minecraft:bread":9,"minecraft:spruce_sapling":1,"minecraft:stone_axe":25,"minecraft:cobblestone":19,"minecraft:beef":1,"minecraft:furnace":2,"minecraft:bucket":4,"minecraft:cooked_beef":3},"minecraft:picked_up":{"minecraft:crafting_table":1,"minecraft:leather":8,"minecraft:oak_log":13,"minecraft:dirt":11,"minecraft:string":2,"minecraft:bone":1,"minecraft:bow":1,"minecraft:wheat_seeds":2,"minecraft:beef":24,"minecraft:raw_iron":25,"minecraft:torch":6,"minecraft:dripstone_block":3,"minecraft:spruce_sapling":1,"minecraft:pointed_dripstone":6,"minecraft:diorite":1,"minecraft:spruce_log":7,"minecraft:spider_eye":1,"minecraft:arrow":3,"minecraft:rotten_flesh":3,"minecraft:granite":2,"minecraft:mutton":6,"minecraft:coal":17,"minecraft:white_wool":4,"minecraft:cobblestone":66},"minecraft:crafted":{"minecraft:cooked_beef":22,"minecraft:stone_shovel":1,"minecraft:crafting_table":2,"minecraft:spruce_planks":28,"minecraft:wooden_pickaxe":1,"minecraft:furnace":2,"minecraft:bucket":1,"minecraft:stone_axe":1,"minecraft:air":0,"minecraft:shield":1,"minecraft:stick":16,"minecraft:iron_ingot":7,"minecraft:iron_pickaxe":1,"minecraft:stone_pickaxe":1,"minecraft:stone_sword":1,"minecraft:white_bed":1,"minecraft:torch":20},"minecraft:dropped":{"minecraft:wheat_seeds":1,"minecraft:spider_eye":1},"minecraft:custom":{"minecraft:interact_with_furnace":15,"minecraft:mob_kills":21,"minecraft:interact_with_crafting_table":12,"minecraft:leave_game":1,"minecraft:time_since_death":45277,"minecraft:sleep_in_bed":3,"minecraft:time_since_rest":16609,"minecraft:sprint_one_cm":117038,"minecraft:damage_taken":495,"minecraft:walk_one_cm":82980,"minecraft:damage_blocked_by_shield":650,"minecraft:drop":2,"minecraft:damage_dealt":2558,"minecraft:swim_one_cm":775,"minecraft:fly_one_cm":154627,"minecraft:open_chest":2,"minecraft:crouch_one_cm":4760,"minecraft:play_time":45277,"minecraft:sneak_time":9404,"minecraft:walk_under_water_one_cm":1751,"minecraft:jump":906,"minecraft:walk_on_water_one_cm":4603,"minecraft:total_world_time":45277,"minecraft:fall_one_cm":28164},"minecraft:mined":{"minecraft:crafting_table":1,"minecraft:torch":5,"minecraft:granite":2,"minecraft:grass_block":3,"minecraft:tall_grass":1,"minecraft:spruce_leaves":4,"minecraft:wall_torch":1,"minecraft:iron_ore":28,"minecraft:spruce_log":7,"minecraft:grass":6,"minecraft:coal_ore":17,"minecraft:pointed_dripstone":1,"minecraft:oak_log":13,"minecraft:dirt":8,"minecraft:stone":57}},"DataVersion":3337}