{"stats":{"minecraft:killed":{"minecraft:sheep":3,"minecraft:cow":12},"minecraft:used":{"minecraft:stone_sword":18,"minecraft:bread":8,"minecraft:stone_pickaxe":60,"minecraft:shield":3,"minecraft:wooden_pickaxe":9,"minecraft:spruce_sapling":1,"minecraft:torch":1,"minecraft:stone_axe":18,"minecraft:dirt":9,"minecraft:cobblestone":6,"minecraft:beef":1,"minecraft:crafting_table":2,"minecraft:furnace":2,"minecraft:bucket":1,"minecraft:white_bed":1},"minecraft:picked_up":{"minecraft:raw_iron":7,"minecraft:crafting_table":1,"minecraft:leather":8,"minecraft:torch":1,"minecraft:oak_log":7,"minecraft:spruce_sapling":1,"minecraft:pointed_dripstone":2,"minecraft:spider_eye":1,"minecraft:spruce_log":7,"minecraft:string":2,"minecraft:dirt":11,"minecraft:rotten_flesh":1,"minecraft:wheat_seeds":1,"minecraft:beef":24,"minecraft:mutton":5,"minecraft:coal":17,"minecraft:white_wool":3,"minecraft:cobblestone":41},"minecraft:crafted":{"minecraft:cooked_beef":22,"minecraft:stone_shovel":1,"minecraft:shield":1,"minecraft:crafting_table":1,"minecraft:spruce_planks":28,"minecraft:stick":16,"minecraft:iron_pickaxe":1,"minecraft:iron_ingot":7,"minecraft:wooden_pickaxe":1,"minecraft:stone_pickaxe":1,"minecraft:stone_sword":1,"minecraft:furnace":2,"minecraft:white_bed":1,"minecraft:bucket":1,"minecraft:torch":20,"minecraft:stone_axe":1,"minecraft:air":0},"minecraft:dropped":{"minecraft:wheat_seeds":1},"minecraft:custom":{"minecraft:time_since_rest":4609,"minecraft:interact_with_furnace":15,"minecraft:sprint_one_cm":74954,"minecraft:damage_taken":250,"minecraft:walk_one_cm":46687,"minecraft:damage_blocked_by_shield":130,"minecraft:mob_kills":16,"minecraft:drop":1,"minecraft:damage_dealt":1703,"minecraft:interact_with_crafting_table":10,"minecraft:swim_one_cm":775,"minecraft:fly_one_cm":110755,"minecraft:open_chest":2,"minecraft:crouch_one_cm":1896,"minecraft:play_time":33277,"minecraft:sneak_time":8017,"minecraft:walk_under_water_one_cm":1377,"minecraft:jump":606,"minecraft:time_since_death":33277,"minecraft:leave_game":1,"minecraft:walk_on_water_one_cm":2547,"minecraft:sleep_in_bed":3,"minecraft:total_world_time":33277,"minecraft:fall_one_cm":18055},"minecraft:mined":{"minecraft:iron_ore":7,"minecraft:torch":1,"minecraft:spruce_log":7,"minecraft:crafting_table":1,"minecraft:grass":4,"minecraft:pointed_dripstone":1,"minecraft:oak_log":7,"minecraft:grass_block":3,"minecraft:coal_ore":17,"minecraft:dirt":8,"minecraft:spruce_leaves":4,"minecraft:stone":41}},"DataVersion":3337}