{"stats":{"minecraft:used":{"minecraft:dirt":2,"minecraft:cobblestone":2,"minecraft:crafting_table":1,"minecraft:stone_pickaxe":12,"minecraft:wooden_pickaxe":9},"minecraft:picked_up":{"minecraft:raw_iron":7,"minecraft:spruce_sapling":1,"minecraft:spruce_log":7,"minecraft:dirt":9,"minecraft:cobblestone":12},"minecraft:crafted":{"minecraft:stone_sword":1,"minecraft:crafting_table":1,"minecraft:spruce_planks":28,"minecraft:stick":12,"minecraft:stone_pickaxe":1,"minecraft:wooden_pickaxe":1},"minecraft:custom":{"minecraft:time_since_rest":9277,"minecraft:crouch_one_cm":1023,"minecraft:play_time":9277,"minecraft:sprint_one_cm":6668,"minecraft:damage_taken":70,"minecraft:walk_one_cm":6129,"minecraft:sneak_time":3714,"minecraft:walk_under_water_one_cm":975,"minecraft:jump":78,"minecraft:leave_game":1,"minecraft:walk_on_water_one_cm":1675,"minecraft:time_since_death":9277,"minecraft:total_world_time":9277,"minecraft:swim_one_cm":775,"minecraft:interact_with_crafting_table":5,"minecraft:fall_one_cm":3392,"minecraft:fly_one_cm":8510},"minecraft:mined":{"minecraft:grass_block":3,"minecraft:dirt":6,"minecraft:iron_ore":7,"minecraft:spruce_log":7,"minecraft:spruce_leaves":4,"minecraft:stone":12}},"DataVersion":3337}