{"stats":{"minecraft:dropped":{"minecraft:wheat_seeds":2,"minecraft:spider_eye":1,"minecraft:wooden_pickaxe":2},"minecraft:crafted":{"minecraft:cooked_beef":22,"minecraft:stone_shovel":1,"minecraft:crafting_table":2,"minecraft:spruce_planks":28,"minecraft:wooden_pickaxe":1,"minecraft:iron_helmet":1,"minecraft:furnace":4,"minecraft:bucket":1,"minecraft:stone_axe":1,"minecraft:air":0,"minecraft:bow":1,"minecraft:iron_boots":1,"minecraft:iron_chestplate":1,"minecraft:shield":1,"minecraft:stick":16,"minecraft:iron_ingot":33,"minecraft:iron_pickaxe":1,"minecraft:stone_pickaxe":1,"minecraft:stone_sword":1,"minecraft:iron_leggings":1,"minecraft:white_bed":1,"minecraft:torch":20},"minecraft:broken":{"minecraft:stone_pickaxe":1},"minecraft:mined":{"minecraft:deepslate_redstone_ore":6,"minecraft:large_amethyst_bud":2,"minecraft:white_bed":3,"minecraft:amethyst_cluster":5,"minecraft:crafting_table":3,"minecraft:torch":9,"minecraft:granite":2,"minecraft:grass_block":3,"minecraft:tall_grass":1,"minecraft:cobblestone":4,"minecraft:spruce_leaves":20,"minecraft:deepslate_gold_ore":3,"minecraft:wall_torch":5,"minecraft:furnace":4,"minecraft:iron_ore":42,"minecraft:cobbled_deepslate":4,"minecraft:spruce_log":7,"minecraft:grass":8,"minecraft:oak_log":18,"minecraft:pointed_dripstone":10,"minecraft:coal_ore":17,"minecraft:deepslate_iron_ore":20,"minecraft:dirt":8,"minecraft:stone":70,"minecraft:deepslate":23},"minecraft:killed":{"minecraft:sheep":4,"minecraft:skeleton":4,"minecraft:zombie":8,"minecraft:cow":12},"minecraft:custom":{"minecraft:interact_with_furnace":34,"minecraft:mob_kills":31,"minecraft:interact_with_crafting_table":17,"minecraft:leave_game":3,"minecraft:time_since_death":3848,"minecraft:sleep_in_bed":4,"minecraft:time_since_rest":2174,"minecraft:sprint_one_cm":180202,"minecraft:damage_taken":1216,"minecraft:walk_one_cm":147575,"minecraft:damage_blocked_by_shield":685,"minecraft:drop":5,"minecraft:damage_dealt":4683,"minecraft:swim_one_cm":1675,"minecraft:fly_one_cm":212725,"minecraft:open_chest":9,"minecraft:crouch_one_cm":8304,"minecraft:play_time":74851,"minecraft:deaths":1,"minecraft:sneak_time":11526,"minecraft:walk_under_water_one_cm":3899,"minecraft:jump":1328,"minecraft:walk_on_water_one_cm":9771,"minecraft:total_world_time":74851,"minecraft:fall_one_cm":37599},"minecraft:picked_up":{"minecraft:wheat":5,"minecraft:iron_chestplate":1,"minecraft:crafting_table":4,"minecraft:cooked_beef":13,"minecraft:water_bucket":1,"minecraft:leather":16,"minecraft:wooden_pickaxe":2,"minecraft:enchanted_book":1,"minecraft:oak_log":31,"minecraft:shield":1,"minecraft:gunpowder":3,"minecraft:dirt":13,"minecraft:string":7,"minecraft:iron_leggings":1,"minecraft:bone":12,"minecraft:bow":3,"minecraft:wheat_seeds":3,"minecraft:cobbled_deepslate":38,"minecraft:raw_gold":4,"minecraft:music_disc_otherside":1,"minecraft:iron_ingot":6,"minecraft:beef":24,"minecraft:iron_pickaxe":1,"minecraft:iron_boots":1,"minecraft:furnace":6,"minecraft:raw_iron":96,"minecraft:torch":31,"minecraft:dripstone_block":6,"minecraft:amethyst_shard":40,"minecraft:spruce_sapling":2,"minecraft:pointed_dripstone":26,"minecraft:diorite":2,"minecraft:white_bed":3,"minecraft:spruce_log":7,"minecraft:redstone":54,"minecraft:iron_horse_armor":1,"minecraft:spider_eye":1,"minecraft:stone_sword":1,"minecraft:stone_shovel":1,"minecraft:arrow":10,"minecraft:rotten_flesh":18,"minecraft:stone_axe":1,"minecraft:iron_helmet":1,"minecraft:granite":4,"minecraft:saddle":1,"minecraft:mutton":12,"minecraft:coal":22,"minecraft:white_wool":5,"minecraft:cobblestone":83},"minecraft:killed_by":{"minecraft:player":1},"minecraft:used":{"minecraft:water_bucket":8,"minecraft:stone_sword":66,"minecraft:stone_pickaxe":132,"minecraft:shield":19,"minecraft:wooden_pickaxe":9,"minecraft:torch":17,"minecraft:dirt":9,"minecraft:crafting_table":4,"minecraft:white_bed":2,"minecraft:granite":1,"minecraft:bread":9,"minecraft:iron_pickaxe":77,"minecraft:spruce_sapling":1,"minecraft:stone_axe":36,"minecraft:cobblestone":42,"minecraft:beef":1,"minecraft:furnace":6,"minecraft:bucket":9,"minecraft:cooked_beef":9,"minecraft:cobbled_deepslate":26}},"DataVersion":3337}