{"stats":{"minecraft:dropped":{"minecraft:wheat_seeds":2,"minecraft:spider_eye":1},"minecraft:crafted":{"minecraft:cooked_beef":22,"minecraft:stone_shovel":1,"minecraft:crafting_table":2,"minecraft:spruce_planks":28,"minecraft:wooden_pickaxe":1,"minecraft:iron_helmet":1,"minecraft:furnace":4,"minecraft:bucket":1,"minecraft:stone_axe":1,"minecraft:air":0,"minecraft:bow":1,"minecraft:iron_boots":1,"minecraft:iron_chestplate":1,"minecraft:shield":1,"minecraft:stick":16,"minecraft:iron_ingot":33,"minecraft:iron_pickaxe":1,"minecraft:stone_pickaxe":1,"minecraft:stone_sword":1,"minecraft:iron_leggings":1,"minecraft:white_bed":1,"minecraft:torch":20},"minecraft:broken":{"minecraft:stone_pickaxe":1},"minecraft:mined":{"minecraft:deepslate_redstone_ore":6,"minecraft:large_amethyst_bud":2,"minecraft:amethyst_cluster":5,"minecraft:crafting_table":3,"minecraft:torch":9,"minecraft:granite":2,"minecraft:grass_block":3,"minecraft:tall_grass":1,"minecraft:cobblestone":4,"minecraft:spruce_leaves":4,"minecraft:deepslate_gold_ore":3,"minecraft:wall_torch":5,"minecraft:furnace":4,"minecraft:iron_ore":42,"minecraft:cobbled_deepslate":4,"minecraft:spruce_log":7,"minecraft:grass":8,"minecraft:oak_log":13,"minecraft:pointed_dripstone":10,"minecraft:coal_ore":17,"minecraft:deepslate_iron_ore":20,"minecraft:dirt":8,"minecraft:stone":70,"minecraft:deepslate":23},"minecraft:killed":{"minecraft:sheep":4,"minecraft:skeleton":4,"minecraft:zombie":8,"minecraft:cow":12},"minecraft:custom":{"minecraft:interact_with_furnace":34,"minecraft:mob_kills":31,"minecraft:interact_with_crafting_table":17,"minecraft:leave_game":3,"minecraft:time_since_death":68851,"minecraft:sleep_in_bed":3,"minecraft:time_since_rest":40183,"minecraft:sprint_one_cm":167861,"minecraft:damage_taken":894,"minecraft:walk_one_cm":139031,"minecraft:damage_blocked_by_shield":685,"minecraft:drop":3,"minecraft:damage_dealt":4546,"minecraft:swim_one_cm":775,"minecraft:fly_one_cm":184834,"minecraft:open_chest":9,"minecraft:crouch_one_cm":8279,"minecraft:play_time":68851,"minecraft:sneak_time":11497,"minecraft:walk_under_water_one_cm":3270,"minecraft:jump":1227,"minecraft:walk_on_water_one_cm":7843,"minecraft:total_world_time":68851,"minecraft:fall_one_cm":36554},"minecraft:picked_up":{"minecraft:crafting_table":3,"minecraft:leather":8,"minecraft:oak_log":13,"minecraft:dirt":11,"minecraft:string":2,"minecraft:bone":4,"minecraft:bow":2,"minecraft:wheat_seeds":3,"minecraft:cobbled_deepslate":32,"minecraft:raw_gold":2,"minecraft:iron_ingot":6,"minecraft:beef":24,"minecraft:furnace":4,"minecraft:raw_iron":76,"minecraft:torch":14,"minecraft:dripstone_block":3,"minecraft:amethyst_shard":20,"minecraft:spruce_sapling":1,"minecraft:pointed_dripstone":13,"minecraft:diorite":1,"minecraft:spruce_log":7,"minecraft:redstone":27,"minecraft:spider_eye":1,"minecraft:arrow":5,"minecraft:rotten_flesh":7,"minecraft:granite":2,"minecraft:mutton":6,"minecraft:coal":22,"minecraft:white_wool":4,"minecraft:cobblestone":83},"minecraft:used":{"minecraft:water_bucket":8,"minecraft:stone_sword":66,"minecraft:stone_pickaxe":132,"minecraft:shield":19,"minecraft:wooden_pickaxe":9,"minecraft:torch":17,"minecraft:dirt":9,"minecraft:crafting_table":4,"minecraft:white_bed":1,"minecraft:bread":9,"minecraft:iron_pickaxe":77,"minecraft:spruce_sapling":1,"minecraft:stone_axe":29,"minecraft:cobblestone":42,"minecraft:beef":1,"minecraft:furnace":6,"minecraft:bucket":9,"minecraft:cooked_beef":8,"minecraft:cobbled_deepslate":25}},"DataVersion":3337}