{"stats":{"minecraft:killed":{"minecraft:sheep":4,"minecraft:skeleton":2,"minecraft:zombie":4,"minecraft:cow":12},"minecraft:used":{"minecraft:water_bucket":4,"minecraft:stone_sword":49,"minecraft:stone_pickaxe":132,"minecraft:wooden_pickaxe":9,"minecraft:shield":17,"minecraft:torch":10,"minecraft:dirt":9,"minecraft:crafting_table":3,"minecraft:white_bed":1,"minecraft:bread":9,"minecraft:iron_pickaxe":12,"minecraft:spruce_sapling":1,"minecraft:stone_axe":26,"minecraft:cobblestone":37,"minecraft:beef":1,"minecraft:furnace":4,"minecraft:bucket":5,"minecraft:cooked_beef":5},"minecraft:picked_up":{"minecraft:crafting_table":2,"minecraft:leather":8,"minecraft:oak_log":13,"minecraft:dirt":11,"minecraft:string":2,"minecraft:bone":1,"minecraft:bow":1,"minecraft:wheat_seeds":2,"minecraft:iron_ingot":2,"minecraft:beef":24,"minecraft:furnace":2,"minecraft:raw_iron":47,"minecraft:torch":7,"minecraft:dripstone_block":3,"minecraft:spruce_sapling":1,"minecraft:pointed_dripstone":7,"minecraft:diorite":1,"minecraft:spruce_log":7,"minecraft:spider_eye":1,"minecraft:arrow":3,"minecraft:rotten_flesh":4,"minecraft:granite":2,"minecraft:mutton":6,"minecraft:coal":20,"minecraft:white_wool":4,"minecraft:cobblestone":83},"minecraft:crafted":{"minecraft:cooked_beef":22,"minecraft:stone_shovel":1,"minecraft:crafting_table":2,"minecraft:spruce_planks":28,"minecraft:wooden_pickaxe":1,"minecraft:furnace":4,"minecraft:bucket":1,"minecraft:stone_axe":1,"minecraft:air":0,"minecraft:iron_chestplate":1,"minecraft:shield":1,"minecraft:stick":16,"minecraft:iron_ingot":23,"minecraft:iron_pickaxe":1,"minecraft:stone_pickaxe":1,"minecraft:stone_sword":1,"minecraft:iron_leggings":1,"minecraft:white_bed":1,"minecraft:torch":20},"minecraft:dropped":{"minecraft:wheat_seeds":1,"minecraft:spider_eye":1},"minecraft:custom":{"minecraft:interact_with_furnace":26,"minecraft:mob_kills":25,"minecraft:interact_with_crafting_table":16,"minecraft:leave_game":2,"minecraft:time_since_death":52778,"minecraft:sleep_in_bed":3,"minecraft:time_since_rest":24110,"minecraft:sprint_one_cm":124682,"minecraft:damage_taken":664,"minecraft:walk_one_cm":97884,"minecraft:damage_blocked_by_shield":650,"minecraft:drop":2,"minecraft:damage_dealt":3338,"minecraft:swim_one_cm":775,"minecraft:fly_one_cm":157262,"minecraft:open_chest":6,"minecraft:crouch_one_cm":7135,"minecraft:play_time":52778,"minecraft:sneak_time":10635,"minecraft:walk_under_water_one_cm":1975,"minecraft:jump":958,"minecraft:walk_on_water_one_cm":4717,"minecraft:total_world_time":52778,"minecraft:fall_one_cm":29613},"minecraft:broken":{"minecraft:stone_pickaxe":1},"minecraft:mined":{"minecraft:crafting_table":2,"minecraft:torch":5,"minecraft:granite":2,"minecraft:grass_block":3,"minecraft:tall_grass":1,"minecraft:cobblestone":4,"minecraft:spruce_leaves":4,"minecraft:wall_torch":2,"minecraft:furnace":2,"minecraft:iron_ore":42,"minecraft:spruce_log":7,"minecraft:grass":6,"minecraft:coal_ore":17,"minecraft:pointed_dripstone":5,"minecraft:oak_log":13,"minecraft:deepslate_iron_ore":8,"minecraft:dirt":8,"minecraft:stone":70}},"DataVersion":3337}