{"stats":{"minecraft:dropped":{"minecraft:iron_ingot":8,"minecraft:stone_axe":1,"minecraft:wheat_seeds":2,"minecraft:stone_sword":1,"minecraft:spider_eye":1,"minecraft:wooden_pickaxe":2},"minecraft:crafted":{"minecraft:cooked_beef":22,"minecraft:oak_planks":64,"minecraft:stone_shovel":1,"minecraft:crafting_table":2,"minecraft:spruce_planks":28,"minecraft:wooden_pickaxe":1,"minecraft:iron_helmet":1,"minecraft:iron_sword":1,"minecraft:furnace":4,"minecraft:bucket":1,"minecraft:stone_axe":1,"minecraft:air":0,"minecraft:bow":1,"minecraft:iron_boots":1,"minecraft:iron_chestplate":1,"minecraft:shield":1,"minecraft:iron_axe":1,"minecraft:stick":24,"minecraft:iron_ingot":33,"minecraft:iron_pickaxe":2,"minecraft:stone_pickaxe":1,"minecraft:stone_sword":1,"minecraft:iron_leggings":1,"minecraft:white_bed":1,"minecraft:torch":20},"minecraft:broken":{"minecraft:stone_pickaxe":1},"minecraft:mined":{"minecraft:deepslate_redstone_ore":6,"minecraft:large_amethyst_bud":2,"minecraft:white_bed":3,"minecraft:glass_pane":1,"minecraft:amethyst_cluster":5,"minecraft:crafting_table":3,"minecraft:torch":9,"minecraft:granite":2,"minecraft:grass_block":3,"minecraft:nether_quartz_ore":24,"minecraft:tall_grass":1,"minecraft:cobblestone":9,"minecraft:spruce_leaves":20,"minecraft:deepslate_gold_ore":3,"minecraft:oak_planks":4,"minecraft:wall_torch":5,"minecraft:furnace":4,"minecraft:iron_ore":42,"minecraft:cobbled_deepslate":4,"minecraft:spruce_log":7,"minecraft:grass":9,"minecraft:oak_log":49,"minecraft:pointed_dripstone":10,"minecraft:coal_ore":17,"minecraft:deepslate_iron_ore":20,"minecraft:dirt":9,"minecraft:stone":70,"minecraft:netherrack":38,"minecraft:oak_leaves":3,"minecraft:deepslate":23},"minecraft:killed":{"minecraft:iron_golem":2,"minecraft:sheep":4,"minecraft:skeleton":4,"minecraft:zombie":8,"minecraft:cow":12},"minecraft:custom":{"minecraft:interact_with_furnace":34,"minecraft:mob_kills":32,"minecraft:interact_with_crafting_table":20,"minecraft:leave_game":3,"minecraft:time_since_death":21848,"minecraft:sleep_in_bed":4,"minecraft:time_since_rest":20174,"minecraft:sprint_one_cm":215725,"minecraft:damage_taken":1463,"minecraft:walk_one_cm":191596,"minecraft:damage_blocked_by_shield":685,"minecraft:drop":8,"minecraft:damage_dealt":5797,"minecraft:swim_one_cm":2493,"minecraft:fly_one_cm":293606,"minecraft:open_chest":10,"minecraft:crouch_one_cm":10172,"minecraft:play_time":92851,"minecraft:deaths":1,"minecraft:sneak_time":12276,"minecraft:walk_under_water_one_cm":4255,"minecraft:jump":1657,"minecraft:walk_on_water_one_cm":10807,"minecraft:enchant_item":6,"minecraft:total_world_time":92851,"minecraft:fall_one_cm":42867},"minecraft:picked_up":{"minecraft:wheat":5,"minecraft:iron_chestplate":1,"minecraft:crafting_table":4,"minecraft:cooked_beef":13,"minecraft:water_bucket":1,"minecraft:leather":16,"minecraft:wooden_pickaxe":2,"minecraft:enchanted_book":1,"minecraft:oak_log":62,"minecraft:shield":1,"minecraft:gunpowder":3,"minecraft:lapis_lazuli":13,"minecraft:dirt":15,"minecraft:string":7,"minecraft:iron_leggings":1,"minecraft:bone":12,"minecraft:bow":3,"minecraft:wheat_seeds":3,"minecraft:cobbled_deepslate":40,"minecraft:raw_gold":4,"minecraft:music_disc_otherside":1,"minecraft:iron_ingot":30,"minecraft:beef":24,"minecraft:poppy":2,"minecraft:iron_pickaxe":1,"minecraft:oak_planks":4,"minecraft:iron_boots":1,"minecraft:furnace":6,"minecraft:raw_iron":96,"minecraft:torch":31,"minecraft:quartz":24,"minecraft:dripstone_block":6,"minecraft:amethyst_shard":40,"minecraft:spruce_sapling":2,"minecraft:carrot":1,"minecraft:pointed_dripstone":26,"minecraft:diorite":2,"minecraft:white_bed":3,"minecraft:spruce_log":7,"minecraft:redstone":54,"minecraft:iron_horse_armor":1,"minecraft:spider_eye":1,"minecraft:stone_sword":1,"minecraft:stone_shovel":1,"minecraft:arrow":10,"minecraft:rotten_flesh":21,"minecraft:stone_axe":1,"minecraft:iron_helmet":1,"minecraft:granite":4,"minecraft:saddle":1,"minecraft:netherrack":32,"minecraft:mutton":12,"minecraft:coal":22,"minecraft:white_wool":5,"minecraft:cobblestone":84},"minecraft:killed_by":{"minecraft:player":1},"minecraft:used":{"minecraft:water_bucket":10,"minecraft:stone_sword":68,"minecraft:stone_pickaxe":132,"minecraft:oak_planks":19,"minecraft:shield":19,"minecraft:wooden_pickaxe":9,"minecraft:iron_sword":13,"minecraft:torch":17,"minecraft:dirt":9,"minecraft:crafting_table":4,"minecraft:white_bed":2,"minecraft:granite":1,"minecraft:iron_axe":26,"minecraft:bread":9,"minecraft:iron_pickaxe":145,"minecraft:iron_helmet":1,"minecraft:spruce_sapling":1,"minecraft:stone_axe":53,"minecraft:cobblestone":42,"minecraft:beef":1,"minecraft:furnace":6,"minecraft:bucket":11,"minecraft:cooked_beef":13,"minecraft:cobbled_deepslate":26,"minecraft:iron_leggings":1}},"DataVersion":3337}