{"stats":{"minecraft:dropped":{"minecraft:iron_ingot":16,"minecraft:stone_axe":1,"minecraft:wheat_seeds":2,"minecraft:stone_sword":1,"minecraft:dripstone_block":8,"minecraft:spider_eye":1,"minecraft:wooden_pickaxe":2},"minecraft:crafted":{"minecraft:cooked_beef":22,"minecraft:oak_planks":64,"minecraft:stone_shovel":1,"minecraft:crafting_table":2,"minecraft:spruce_planks":28,"minecraft:wooden_pickaxe":1,"minecraft:iron_helmet":1,"minecraft:iron_sword":1,"minecraft:furnace":4,"minecraft:bucket":1,"minecraft:stone_axe":1,"minecraft:air":0,"minecraft:bow":1,"minecraft:iron_boots":1,"minecraft:iron_chestplate":1,"minecraft:shield":1,"minecraft:iron_axe":1,"minecraft:stick":24,"minecraft:iron_ingot":33,"minecraft:iron_pickaxe":2,"minecraft:stone_pickaxe":1,"minecraft:stone_sword":1,"minecraft:iron_leggings":1,"minecraft:white_bed":1,"minecraft:torch":20},"minecraft:broken":{"minecraft:stone_pickaxe":1},"minecraft:mined":{"minecraft:deepslate_redstone_ore":25,"minecraft:large_amethyst_bud":2,"minecraft:tuff":1,"minecraft:white_bed":3,"minecraft:glass_pane":1,"minecraft:deepslate_diamond_ore":2,"minecraft:amethyst_cluster":5,"minecraft:crafting_table":3,"minecraft:torch":9,"minecraft:granite":2,"minecraft:grass_block":3,"minecraft:nether_quartz_ore":24,"minecraft:tall_grass":1,"minecraft:cobblestone":9,"minecraft:spruce_leaves":20,"minecraft:deepslate_gold_ore":5,"minecraft:oak_planks":7,"minecraft:wall_torch":6,"minecraft:furnace":4,"minecraft:iron_ore":42,"minecraft:cobbled_deepslate":4,"minecraft:spruce_log":7,"minecraft:grass":9,"minecraft:oak_log":49,"minecraft:pointed_dripstone":16,"minecraft:coal_ore":17,"minecraft:deepslate_iron_ore":25,"minecraft:dirt":9,"minecraft:stone":71,"minecraft:netherrack":38,"minecraft:oak_leaves":3,"minecraft:deepslate":28},"minecraft:killed":{"minecraft:iron_golem":2,"minecraft:sheep":4,"minecraft:skeleton":4,"minecraft:zombie":12,"minecraft:cow":12},"minecraft:custom":{"minecraft:interact_with_furnace":34,"minecraft:mob_kills":38,"minecraft:interact_with_crafting_table":20,"minecraft:leave_game":3,"minecraft:time_since_death":33848,"minecraft:sleep_in_bed":4,"minecraft:time_since_rest":32174,"minecraft:sprint_one_cm":255961,"minecraft:damage_taken":1994,"minecraft:walk_one_cm":230317,"minecraft:damage_blocked_by_shield":860,"minecraft:drop":10,"minecraft:damage_dealt":6634,"minecraft:swim_one_cm":2493,"minecraft:fly_one_cm":314339,"minecraft:open_chest":10,"minecraft:crouch_one_cm":11974,"minecraft:play_time":104851,"minecraft:deaths":1,"minecraft:sneak_time":12960,"minecraft:walk_under_water_one_cm":5731,"minecraft:jump":1886,"minecraft:walk_on_water_one_cm":13943,"minecraft:enchant_item":6,"minecraft:total_world_time":104851,"minecraft:fall_one_cm":56042},"minecraft:picked_up":{"minecraft:wheat":5,"minecraft:iron_chestplate":1,"minecraft:crafting_table":4,"minecraft:cooked_beef":13,"minecraft:water_bucket":1,"minecraft:leather":16,"minecraft:wooden_pickaxe":2,"minecraft:enchanted_book":1,"minecraft:tuff":1,"minecraft:oak_log":62,"minecraft:shield":1,"minecraft:gunpowder":3,"minecraft:lapis_lazuli":13,"minecraft:dirt":15,"minecraft:string":7,"minecraft:iron_leggings":1,"minecraft:bone":12,"minecraft:bow":3,"minecraft:wheat_seeds":3,"minecraft:cobbled_deepslate":45,"minecraft:raw_gold":6,"minecraft:music_disc_otherside":1,"minecraft:iron_ingot":30,"minecraft:beef":24,"minecraft:poppy":2,"minecraft:iron_pickaxe":1,"minecraft:oak_planks":7,"minecraft:iron_boots":1,"minecraft:furnace":6,"minecraft:raw_iron":101,"minecraft:torch":32,"minecraft:quartz":24,"minecraft:dripstone_block":14,"minecraft:amethyst_shard":40,"minecraft:spruce_sapling":2,"minecraft:carrot":1,"minecraft:pointed_dripstone":35,"minecraft:diorite":2,"minecraft:white_bed":3,"minecraft:spruce_log":7,"minecraft:redstone":126,"minecraft:iron_horse_armor":1,"minecraft:spider_eye":1,"minecraft:stone_sword":1,"minecraft:stone_shovel":1,"minecraft:arrow":10,"minecraft:rotten_flesh":30,"minecraft:diamond":2,"minecraft:stone_axe":1,"minecraft:iron_helmet":1,"minecraft:granite":4,"minecraft:saddle":1,"minecraft:netherrack":32,"minecraft:mutton":12,"minecraft:coal":22,"minecraft:white_wool":5,"minecraft:cobblestone":85},"minecraft:killed_by":{"minecraft:player":1},"minecraft:used":{"minecraft:water_bucket":25,"minecraft:stone_sword":68,"minecraft:stone_pickaxe":132,"minecraft:oak_planks":66,"minecraft:shield":26,"minecraft:wooden_pickaxe":9,"minecraft:iron_sword":28,"minecraft:torch":19,"minecraft:dirt":9,"minecraft:crafting_table":4,"minecraft:white_bed":2,"minecraft:granite":1,"minecraft:iron_axe":29,"minecraft:bread":9,"minecraft:iron_pickaxe":187,"minecraft:iron_helmet":1,"minecraft:spruce_sapling":1,"minecraft:stone_axe":53,"minecraft:cobblestone":42,"minecraft:beef":1,"minecraft:furnace":6,"minecraft:bucket":26,"minecraft:cooked_beef":20,"minecraft:cobbled_deepslate":26,"minecraft:iron_leggings":1}},"DataVersion":3337}