{"stats":{"minecraft:custom":{"minecraft:mob_kills":71,"minecraft:interact_with_crafting_table":22,"minecraft:leave_game":5,"minecraft:time_since_death":105880,"minecraft:climb_one_cm":300,"minecraft:sprint_one_cm":353534,"minecraft:walk_one_cm":326712,"minecraft:damage_blocked_by_shield":1046,"minecraft:drop":15,"minecraft:play_time":176883,"minecraft:deaths":1,"minecraft:sneak_time":41960,"minecraft:walk_under_water_one_cm":5731,"minecraft:jump":2929,"minecraft:walk_on_water_one_cm":16139,"minecraft:enchant_item":6,"minecraft:total_world_time":176883,"minecraft:interact_with_furnace":58,"minecraft:sleep_in_bed":9,"minecraft:time_since_rest":2209,"minecraft:damage_taken":2885,"minecraft:damage_dealt":11085,"minecraft:swim_one_cm":2493,"minecraft:fly_one_cm":452653,"minecraft:open_chest":38,"minecraft:crouch_one_cm":123501,"minecraft:fall_one_cm":95912},"minecraft:killed":{"minecraft:horse":1,"minecraft:skeleton":4,"minecraft:piglin":2,"minecraft:pig":12,"minecraft:iron_golem":2,"minecraft:sheep":6,"minecraft:zombie":14,"minecraft:enderman":1,"minecraft:cow":24},"minecraft:crafted":{"minecraft:oak_planks":76,"minecraft:stone_shovel":1,"minecraft:furnace":4,"minecraft:iron_boots":1,"minecraft:bow":1,"minecraft:iron_axe":1,"minecraft:stone_pickaxe":1,"minecraft:cooked_beef":47,"minecraft:cooked_porkchop":19,"minecraft:crafting_table":2,"minecraft:spruce_planks":28,"minecraft:wooden_pickaxe":1,"minecraft:iron_helmet":1,"minecraft:iron_sword":1,"minecraft:bucket":1,"minecraft:stone_axe":1,"minecraft:air":0,"minecraft:oak_boat":1,"minecraft:iron_chestplate":1,"minecraft:diamond_pickaxe":1,"minecraft:shield":1,"minecraft:stick":24,"minecraft:iron_ingot":58,"minecraft:iron_pickaxe":2,"minecraft:stone_sword":1,"minecraft:iron_leggings":1,"minecraft:white_bed":1,"minecraft:torch":20},"minecraft:killed_by":{"minecraft:player":1},"minecraft:dropped":{"minecraft:iron_ingot":16,"minecraft:wheat_seeds":2,"minecraft:dripstone_block":8,"minecraft:redstone":8,"minecraft:stone_axe":1,"minecraft:stone_sword":1,"minecraft:tuff":1,"minecraft:white_bed":1,"minecraft:spider_eye":1,"minecraft:wooden_pickaxe":2,"minecraft:magma_block":7,"minecraft:quartz":19},"minecraft:used":{"minecraft:stone_sword":68,"minecraft:shield":45,"minecraft:iron_sword":70,"minecraft:sculk":13,"minecraft:rotten_flesh":23,"minecraft:netherrack":55,"minecraft:torch":22,"minecraft:dirt":9,"minecraft:warped_wart_block":1,"minecraft:mutton":3,"minecraft:carrot":2,"minecraft:granite":1,"minecraft:iron_axe":48,"minecraft:iron_helmet":2,"minecraft:beef":1,"minecraft:furnace":9,"minecraft:cooked_beef":22,"minecraft:cobbled_deepslate":26,"minecraft:iron_leggings":1,"minecraft:cooked_mutton":4,"minecraft:water_bucket":33,"minecraft:stone_pickaxe":132,"minecraft:oak_planks":75,"minecraft:wooden_pickaxe":9,"minecraft:crafting_table":5,"minecraft:crossbow":1,"minecraft:white_bed":4,"minecraft:bread":9,"minecraft:iron_pickaxe":372,"minecraft:spruce_sapling":1,"minecraft:stone_axe":53,"minecraft:potion":1,"minecraft:cobblestone":42,"minecraft:bucket":34,"minecraft:oak_boat":1,"minecraft:gray_wool":113,"minecraft:soul_torch":2},"minecraft:picked_up":{"minecraft:iron_chestplate":1,"minecraft:crafting_table":5,"minecraft:wheat":5,"minecraft:yellow_wool":1,"minecraft:wooden_pickaxe":2,"minecraft:enchanted_book":1,"minecraft:shield":1,"minecraft:string":7,"minecraft:iron_leggings":1,"minecraft:gold_nugget":29,"minecraft:cobbled_deepslate":45,"minecraft:spruce_planks":1,"minecraft:music_disc_otherside":1,"minecraft:beef":52,"minecraft:poppy":2,"minecraft:iron_pickaxe":1,"minecraft:iron_boots":1,"minecraft:furnace":9,"minecraft:raw_iron":101,"minecraft:torch":35,"minecraft:porkchop":19,"minecraft:pointed_dripstone":35,"minecraft:diorite":2,"minecraft:carrot":2,"minecraft:redstone":126,"minecraft:iron_horse_armor":1,"minecraft:rotten_flesh":32,"minecraft:stone_sword":1,"minecraft:arrow":10,"minecraft:stone_shovel":1,"minecraft:cracked_deepslate_bricks":1,"minecraft:saddle":1,"minecraft:mutton":15,"minecraft:white_wool":7,"minecraft:cobblestone":85,"minecraft:magma_block":7,"minecraft:cooked_beef":13,"minecraft:water_bucket":1,"minecraft:leather":27,"minecraft:brown_wool":1,"minecraft:tuff":1,"minecraft:oak_log":62,"minecraft:golden_boots":1,"minecraft:gunpowder":3,"minecraft:lapis_lazuli":13,"minecraft:dirt":16,"minecraft:cooked_mutton":4,"minecraft:bone":12,"minecraft:bow":3,"minecraft:wheat_seeds":4,"minecraft:raw_gold":6,"minecraft:iron_ingot":30,"minecraft:oak_planks":8,"minecraft:quartz":43,"minecraft:warped_wart_block":1,"minecraft:dripstone_block":14,"minecraft:amethyst_shard":40,"minecraft:soul_torch":2,"minecraft:spruce_sapling":2,"minecraft:white_bed":4,"minecraft:spruce_log":7,"minecraft:spider_eye":1,"minecraft:diamond":3,"minecraft:stone_axe":1,"minecraft:iron_helmet":1,"minecraft:granite":4,"minecraft:crossbow":1,"minecraft:gray_wool":151,"minecraft:warped_roots":2,"minecraft:warped_nylium":1,"minecraft:netherrack":132,"minecraft:coal":26,"minecraft:ender_pearl":1},"minecraft:mined":{"minecraft:nether_gold_ore":8,"minecraft:large_amethyst_bud":2,"minecraft:tuff":1,"minecraft:spruce_planks":1,"minecraft:white_bed":4,"minecraft:deepslate_diamond_ore":2,"minecraft:sculk_vein":1,"minecraft:granite":2,"minecraft:grass_block":5,"minecraft:spruce_leaves":20,"minecraft:magma_block":7,"minecraft:furnace":7,"minecraft:iron_ore":42,"minecraft:cobbled_deepslate":5,"minecraft:sculk_shrieker":1,"minecraft:pointed_dripstone":16,"minecraft:deepslate_iron_ore":25,"minecraft:stone":71,"minecraft:white_wool":1,"minecraft:deepslate_redstone_ore":25,"minecraft:glass_pane":1,"minecraft:soul_torch":2,"minecraft:amethyst_cluster":5,"minecraft:crafting_table":4,"minecraft:torch":10,"minecraft:warped_roots":2,"minecraft:nether_quartz_ore":46,"minecraft:tall_grass":2,"minecraft:cobblestone":9,"minecraft:deepslate_gold_ore":5,"minecraft:oak_planks":8,"minecraft:cracked_deepslate_bricks":1,"minecraft:sculk":13,"minecraft:wall_torch":8,"minecraft:warped_wart_block":3,"minecraft:gray_wool":154,"minecraft:warped_nylium":1,"minecraft:yellow_wool":1,"minecraft:spruce_log":7,"minecraft:warped_fungus":1,"minecraft:grass":20,"minecraft:coal_ore":21,"minecraft:oak_log":49,"minecraft:dirt":9,"minecraft:netherrack":172,"minecraft:oak_leaves":3,"minecraft:deepslate":28},"minecraft:broken":{"minecraft:stone_pickaxe":1,"minecraft:iron_pickaxe":1}},"DataVersion":3337}