{"stats":{"minecraft:custom":{"minecraft:mob_kills":41,"minecraft:interact_with_crafting_table":20,"minecraft:leave_game":3,"minecraft:time_since_death":45848,"minecraft:sprint_one_cm":285237,"minecraft:walk_one_cm":263683,"minecraft:damage_blocked_by_shield":951,"minecraft:drop":13,"minecraft:play_time":116851,"minecraft:deaths":1,"minecraft:sneak_time":13206,"minecraft:walk_under_water_one_cm":5731,"minecraft:jump":2223,"minecraft:walk_on_water_one_cm":16111,"minecraft:enchant_item":6,"minecraft:total_world_time":116851,"minecraft:interact_with_furnace":34,"minecraft:sleep_in_bed":6,"minecraft:time_since_rest":10882,"minecraft:damage_taken":2421,"minecraft:damage_dealt":7189,"minecraft:swim_one_cm":2493,"minecraft:fly_one_cm":369653,"minecraft:open_chest":11,"minecraft:crouch_one_cm":12776,"minecraft:fall_one_cm":65556},"minecraft:killed":{"minecraft:skeleton":4,"minecraft:iron_golem":2,"minecraft:sheep":6,"minecraft:zombie":13,"minecraft:cow":12},"minecraft:crafted":{"minecraft:oak_planks":64,"minecraft:stone_shovel":1,"minecraft:furnace":4,"minecraft:iron_boots":1,"minecraft:bow":1,"minecraft:iron_axe":1,"minecraft:stone_pickaxe":1,"minecraft:cooked_beef":22,"minecraft:crafting_table":2,"minecraft:spruce_planks":28,"minecraft:wooden_pickaxe":1,"minecraft:iron_helmet":1,"minecraft:iron_sword":1,"minecraft:bucket":1,"minecraft:stone_axe":1,"minecraft:air":0,"minecraft:iron_chestplate":1,"minecraft:shield":1,"minecraft:stick":24,"minecraft:iron_ingot":33,"minecraft:iron_pickaxe":2,"minecraft:stone_sword":1,"minecraft:iron_leggings":1,"minecraft:white_bed":1,"minecraft:torch":20},"minecraft:killed_by":{"minecraft:player":1},"minecraft:dropped":{"minecraft:iron_ingot":16,"minecraft:wheat_seeds":2,"minecraft:dripstone_block":8,"minecraft:redstone":8,"minecraft:stone_axe":1,"minecraft:stone_sword":1,"minecraft:tuff":1,"minecraft:spider_eye":1,"minecraft:wooden_pickaxe":2,"minecraft:quartz":19},"minecraft:used":{"minecraft:stone_sword":68,"minecraft:shield":43,"minecraft:iron_sword":36,"minecraft:rotten_flesh":7,"minecraft:netherrack":19,"minecraft:torch":20,"minecraft:dirt":9,"minecraft:granite":1,"minecraft:iron_axe":30,"minecraft:iron_helmet":1,"minecraft:beef":1,"minecraft:furnace":6,"minecraft:cooked_beef":22,"minecraft:cobbled_deepslate":26,"minecraft:iron_leggings":1,"minecraft:cooked_mutton":2,"minecraft:water_bucket":32,"minecraft:stone_pickaxe":132,"minecraft:oak_planks":67,"minecraft:wooden_pickaxe":9,"minecraft:crafting_table":4,"minecraft:white_bed":4,"minecraft:bread":9,"minecraft:iron_pickaxe":242,"minecraft:spruce_sapling":1,"minecraft:stone_axe":53,"minecraft:cobblestone":42,"minecraft:bucket":33},"minecraft:picked_up":{"minecraft:iron_chestplate":1,"minecraft:crafting_table":4,"minecraft:wheat":5,"minecraft:yellow_wool":1,"minecraft:wooden_pickaxe":2,"minecraft:enchanted_book":1,"minecraft:shield":1,"minecraft:string":7,"minecraft:iron_leggings":1,"minecraft:cobbled_deepslate":45,"minecraft:spruce_planks":1,"minecraft:music_disc_otherside":1,"minecraft:beef":24,"minecraft:poppy":2,"minecraft:iron_pickaxe":1,"minecraft:iron_boots":1,"minecraft:furnace":6,"minecraft:raw_iron":101,"minecraft:torch":33,"minecraft:pointed_dripstone":35,"minecraft:diorite":2,"minecraft:carrot":2,"minecraft:redstone":126,"minecraft:iron_horse_armor":1,"minecraft:rotten_flesh":32,"minecraft:stone_sword":1,"minecraft:arrow":10,"minecraft:stone_shovel":1,"minecraft:saddle":1,"minecraft:mutton":15,"minecraft:white_wool":7,"minecraft:cobblestone":85,"minecraft:cooked_beef":13,"minecraft:water_bucket":1,"minecraft:brown_wool":1,"minecraft:leather":16,"minecraft:tuff":1,"minecraft:oak_log":62,"minecraft:gunpowder":3,"minecraft:lapis_lazuli":13,"minecraft:dirt":16,"minecraft:cooked_mutton":4,"minecraft:bone":12,"minecraft:bow":3,"minecraft:wheat_seeds":4,"minecraft:raw_gold":6,"minecraft:iron_ingot":30,"minecraft:oak_planks":7,"minecraft:quartz":43,"minecraft:dripstone_block":14,"minecraft:amethyst_shard":40,"minecraft:spruce_sapling":2,"minecraft:white_bed":4,"minecraft:spruce_log":7,"minecraft:spider_eye":1,"minecraft:diamond":2,"minecraft:stone_axe":1,"minecraft:iron_helmet":1,"minecraft:granite":4,"minecraft:netherrack":63,"minecraft:coal":22},"minecraft:mined":{"minecraft:nether_gold_ore":2,"minecraft:large_amethyst_bud":2,"minecraft:tuff":1,"minecraft:spruce_planks":1,"minecraft:white_bed":4,"minecraft:deepslate_diamond_ore":2,"minecraft:granite":2,"minecraft:grass_block":5,"minecraft:spruce_leaves":20,"minecraft:furnace":4,"minecraft:iron_ore":42,"minecraft:cobbled_deepslate":4,"minecraft:pointed_dripstone":16,"minecraft:deepslate_iron_ore":25,"minecraft:stone":71,"minecraft:white_wool":1,"minecraft:deepslate_redstone_ore":25,"minecraft:glass_pane":1,"minecraft:amethyst_cluster":5,"minecraft:crafting_table":3,"minecraft:torch":10,"minecraft:nether_quartz_ore":46,"minecraft:tall_grass":2,"minecraft:cobblestone":9,"minecraft:deepslate_gold_ore":5,"minecraft:oak_planks":7,"minecraft:wall_torch":6,"minecraft:yellow_wool":1,"minecraft:spruce_log":7,"minecraft:grass":18,"minecraft:oak_log":49,"minecraft:coal_ore":17,"minecraft:dirt":9,"minecraft:netherrack":69,"minecraft:oak_leaves":3,"minecraft:deepslate":28},"minecraft:broken":{"minecraft:stone_pickaxe":1}},"DataVersion":3337}