{"stats":{"minecraft:killed":{"minecraft:cow":10},"minecraft:used":{"minecraft:stone_sword":4,"minecraft:bread":4,"minecraft:stone_pickaxe":58,"minecraft:wooden_pickaxe":9,"minecraft:stone_axe":9,"minecraft:dirt":9,"minecraft:cobblestone":3,"minecraft:beef":1,"minecraft:crafting_table":1,"minecraft:furnace":2},"minecraft:picked_up":{"minecraft:raw_iron":7,"minecraft:crafting_table":1,"minecraft:leather":8,"minecraft:spruce_sapling":1,"minecraft:spruce_log":7,"minecraft:dirt":11,"minecraft:wheat_seeds":1,"minecraft:beef":20,"minecraft:coal":17,"minecraft:cobblestone":41},"minecraft:crafted":{"minecraft:cooked_beef":1,"minecraft:stone_shovel":1,"minecraft:crafting_table":1,"minecraft:spruce_planks":28,"minecraft:stick":12,"minecraft:wooden_pickaxe":1,"minecraft:stone_pickaxe":1,"minecraft:stone_sword":1,"minecraft:furnace":2,"minecraft:stone_axe":1,"minecraft:air":0},"minecraft:dropped":{"minecraft:wheat_seeds":1},"minecraft:custom":{"minecraft:time_since_rest":5893,"minecraft:interact_with_furnace":7,"minecraft:sprint_one_cm":29801,"minecraft:damage_taken":175,"minecraft:walk_one_cm":28461,"minecraft:mob_kills":10,"minecraft:drop":1,"minecraft:damage_dealt":1000,"minecraft:interact_with_crafting_table":6,"minecraft:swim_one_cm":775,"minecraft:fly_one_cm":55329,"minecraft:open_chest":2,"minecraft:crouch_one_cm":1821,"minecraft:play_time":21277,"minecraft:sneak_time":6172,"minecraft:walk_under_water_one_cm":1377,"minecraft:jump":364,"minecraft:time_since_death":21277,"minecraft:leave_game":1,"minecraft:walk_on_water_one_cm":2547,"minecraft:sleep_in_bed":2,"minecraft:total_world_time":21277,"minecraft:fall_one_cm":12045},"minecraft:mined":{"minecraft:iron_ore":7,"minecraft:spruce_log":7,"minecraft:crafting_table":1,"minecraft:grass":1,"minecraft:grass_block":3,"minecraft:coal_ore":17,"minecraft:dirt":8,"minecraft:spruce_leaves":4,"minecraft:stone":41}},"DataVersion":3337}