{"stats":{"minecraft:dropped":{"minecraft:spruce_log":1},"minecraft:mined":{"minecraft:spruce_leaves":6},"minecraft:custom":{"minecraft:jump":60,"minecraft:time_since_rest":7106,"minecraft:play_time":7106,"minecraft:leave_game":2,"minecraft:sprint_one_cm":5284,"minecraft:time_since_death":7106,"minecraft:walk_one_cm":2380,"minecraft:sneak_time":70,"minecraft:total_world_time":7106,"minecraft:drop":1,"minecraft:fall_one_cm":1105,"minecraft:fly_one_cm":17663},"minecraft:picked_up":{"minecraft:spruce_sapling":1,"minecraft:spruce_log":7}},"DataVersion":3337}