{"stats":{"minecraft:dropped":{"minecraft:acacia_log":64},"minecraft:mined":{"minecraft:white_bed":1,"minecraft:furnace":1,"minecraft:spruce_log":7,"minecraft:dandelion":1,"minecraft:azure_bluet":2,"minecraft:crafting_table":1,"minecraft:grass":26,"minecraft:grass_block":4,"minecraft:coal_ore":14,"minecraft:dirt":10,"minecraft:tall_grass":1,"minecraft:stone":22,"minecraft:oak_leaves":2},"minecraft:used":{"minecraft:stone_pickaxe":32,"minecraft:oak_planks":32,"minecraft:wooden_pickaxe":7,"minecraft:spruce_sapling":3,"minecraft:wooden_shovel":12,"minecraft:diamond_axe":12,"minecraft:cooked_chicken":4,"minecraft:golden_helmet":1,"minecraft:stone_axe":22,"minecraft:dirt":14,"minecraft:crafting_table":3,"minecraft:furnace":1,"minecraft:porkchop":3,"minecraft:white_bed":1,"minecraft:azure_bluet":1},"minecraft:killed":{"minecraft:sheep":5,"minecraft:zombie":2,"minecraft:pig":1,"minecraft:zombie_villager":1,"minecraft:chicken":4,"minecraft:cow":1},"minecraft:custom":{"minecraft:time_since_rest":9529,"minecraft:interact_with_furnace":5,"minecraft:sprint_one_cm":93487,"minecraft:damage_taken":388,"minecraft:walk_one_cm":81301,"minecraft:mob_kills":14,"minecraft:drop":1,"minecraft:damage_dealt":1374,"minecraft:interact_with_crafting_table":6,"minecraft:swim_one_cm":7086,"minecraft:fly_one_cm":208146,"minecraft:open_chest":6,"minecraft:crouch_one_cm":3232,"minecraft:play_time":117226,"minecraft:sneak_time":868,"minecraft:walk_under_water_one_cm":537,"minecraft:jump":931,"minecraft:leave_game":9,"minecraft:walk_on_water_one_cm":431,"minecraft:time_since_death":117226,"minecraft:sleep_in_bed":2,"minecraft:total_world_time":117226,"minecraft:fall_one_cm":33272,"minecraft:horse_one_cm":115426},"minecraft:crafted":{"minecraft:oak_planks":156,"minecraft:wooden_shovel":1,"minecraft:crafting_table":2,"minecraft:stick":8,"minecraft:wooden_pickaxe":1,"minecraft:cooked_chicken":4,"minecraft:stone_pickaxe":1,"minecraft:furnace":1,"minecraft:white_bed":1,"minecraft:stone_axe":1,"minecraft:air":0},"minecraft:picked_up":{"minecraft:crafting_table":1,"minecraft:feather":6,"minecraft:azure_bluet":1,"minecraft:chicken":4,"minecraft:leather":2,"minecraft:dandelion":1,"minecraft:acacia_log":66,"minecraft:porkchop":3,"minecraft:oak_log":39,"minecraft:spruce_sapling":3,"minecraft:spruce_log":42,"minecraft:white_bed":1,"minecraft:dirt":14,"minecraft:rotten_flesh":4,"minecraft:wheat_seeds":4,"minecraft:beef":1,"minecraft:mutton":8,"minecraft:coal":27,"minecraft:furnace":1,"minecraft:white_wool":5,"minecraft:cobblestone":22}},"DataVersion":3337}