{"stats":{"minecraft:mined":{"minecraft:tuff":3,"minecraft:spruce_planks":1,"minecraft:deepslate_diamond_ore":8,"minecraft:obsidian":5,"minecraft:crafting_table":2,"minecraft:granite":1,"minecraft:chest":1,"minecraft:spruce_leaves":8,"minecraft:diorite":2,"minecraft:wall_torch":4,"minecraft:iron_ore":19,"minecraft:andesite":2,"minecraft:grass":5,"minecraft:coal_ore":2,"minecraft:deepslate_iron_ore":13,"minecraft:rail":1,"minecraft:dripstone_block":1,"minecraft:dirt":2,"minecraft:cobweb":5,"minecraft:stone":171,"minecraft:oak_leaves":24,"minecraft:deepslate":37},"minecraft:dropped":{"minecraft:water_bucket":4,"minecraft:blackstone":128,"minecraft:iron_ingot":47,"minecraft:iron_sword":3,"minecraft:ancient_debris":4,"minecraft:oak_log":128,"minecraft:diamond":1,"minecraft:deepslate":128,"minecraft:obsidian":77,"minecraft:iron_helmet":3,"minecraft:iron_boots":2,"minecraft:enchanted_golden_apple":1,"minecraft:elytra":1,"minecraft:golden_apple":2,"minecraft:flint_and_steel":1,"minecraft:lava_bucket":1,"minecraft:dirt":50,"minecraft:stone":64,"minecraft:shield":2,"minecraft:torch":32,"minecraft:diamond_pickaxe":2,"minecraft:iron_chestplate":3,"minecraft:melon_slice":64,"minecraft:iron_leggings":2,"minecraft:gold_nugget":416,"minecraft:spruce_log":1,"minecraft:iron_axe":2,"minecraft:arrow":1,"minecraft:string":2,"minecraft:enchanting_table":1,"minecraft:netherrack":895,"minecraft:spruce_sapling":1,"minecraft:gold_ingot":7,"minecraft:bone":2,"minecraft:firework_rocket":128},"minecraft:killed":{"minecraft:spider":1,"minecraft:skeleton":5,"minecraft:zombie":8},"minecraft:picked_up":{"minecraft:crafting_table":2,"minecraft:iron_chestplate":1,"minecraft:water_bucket":1,"minecraft:andesite":2,"minecraft:tuff":3,"minecraft:oak_log":83,"minecraft:ancient_debris":2,"minecraft:dirt":51,"minecraft:string":7,"minecraft:iron_axe":1,"minecraft:bone":8,"minecraft:cobbled_deepslate":38,"minecraft:spruce_planks":1,"minecraft:chest":1,"minecraft:oak_planks":1,"minecraft:stick":2,"minecraft:raw_iron":32,"minecraft:torch":5,"minecraft:dripstone_block":1,"minecraft:spruce_sapling":3,"minecraft:pointed_dripstone":3,"minecraft:diorite":2,"minecraft:spruce_log":41,"minecraft:arrow":5,"minecraft:rotten_flesh":6,"minecraft:diamond":8,"minecraft:iron_helmet":1,"minecraft:granite":1,"minecraft:obsidian":6,"minecraft:coal":2,"minecraft:rail":1,"minecraft:cobblestone":171},"minecraft:crafted":{"minecraft:oak_planks":76,"minecraft:diamond_sword":1,"minecraft:diamond_axe":1,"minecraft:crafting_table":4,"minecraft:spruce_planks":160,"minecraft:wooden_pickaxe":2,"minecraft:furnace":1,"minecraft:bucket":1,"minecraft:diamond_shovel":1,"minecraft:air":0,"minecraft:diamond_pickaxe":1,"minecraft:stick":16,"minecraft:iron_ingot":17,"minecraft:iron_pickaxe":1,"minecraft:stone_pickaxe":2,"minecraft:stone_sword":1,"minecraft:chest":7},"minecraft:used":{"minecraft:trident":1,"minecraft:water_bucket":18,"minecraft:netherite_sword":4,"minecraft:diorite":2,"minecraft:stone_sword":45,"minecraft:flint_and_steel":3,"minecraft:stone_pickaxe":121,"minecraft:oak_planks":16,"minecraft:chest":8,"minecraft:spruce_planks":85,"minecraft:wooden_pickaxe":21,"minecraft:stone":160,"minecraft:torch":8,"minecraft:dirt":25,"minecraft:crafting_table":6,"minecraft:dripstone_block":1,"minecraft:tuff":3,"minecraft:obsidian":22,"minecraft:diamond_pickaxe":61,"minecraft:firework_rocket":83,"minecraft:grass_block":99,"minecraft:bread":1,"minecraft:iron_pickaxe":62,"minecraft:spruce_sapling":1,"minecraft:cobblestone":85,"minecraft:furnace":1,"minecraft:turtle_helmet":1,"minecraft:bucket":19,"minecraft:andesite":1,"minecraft:cobbled_deepslate":35},"minecraft:custom":{"minecraft:interact_with_furnace":5,"minecraft:mob_kills":15,"minecraft:interact_with_crafting_table":17,"minecraft:leave_game":14,"minecraft:time_since_death":137208,"minecraft:sleep_in_bed":2,"minecraft:time_since_rest":8539,"minecraft:sprint_one_cm":236952,"minecraft:damage_taken":1197,"minecraft:walk_one_cm":168326,"minecraft:drop":98,"minecraft:damage_dealt":3131,"minecraft:swim_one_cm":985,"minecraft:fly_one_cm":442375,"minecraft:open_chest":14,"minecraft:crouch_one_cm":15489,"minecraft:play_time":137208,"minecraft:sneak_time":5770,"minecraft:walk_under_water_one_cm":4665,"minecraft:aviate_one_cm":416959,"minecraft:jump":2002,"minecraft:walk_on_water_one_cm":4801,"minecraft:total_world_time":137208,"minecraft:fall_one_cm":55811}},"DataVersion":3337}