{"stats":{"minecraft:custom":{"minecraft:interact_with_furnace":5,"minecraft:mob_kills":14,"minecraft:interact_with_crafting_table":13,"minecraft:leave_game":12,"minecraft:time_since_death":115555,"minecraft:sleep_in_bed":1,"minecraft:time_since_rest":67232,"minecraft:sprint_one_cm":212158,"minecraft:damage_taken":1077,"minecraft:walk_one_cm":152465,"minecraft:drop":94,"minecraft:damage_dealt":2929,"minecraft:swim_one_cm":985,"minecraft:fly_one_cm":371222,"minecraft:open_chest":8,"minecraft:crouch_one_cm":14376,"minecraft:play_time":115555,"minecraft:sneak_time":5139,"minecraft:walk_under_water_one_cm":4665,"minecraft:aviate_one_cm":416959,"minecraft:jump":1797,"minecraft:walk_on_water_one_cm":2648,"minecraft:total_world_time":115555,"minecraft:fall_one_cm":53754},"minecraft:killed":{"minecraft:spider":1,"minecraft:skeleton":5,"minecraft:zombie":7},"minecraft:crafted":{"minecraft:oak_planks":76,"minecraft:crafting_table":4,"minecraft:spruce_planks":160,"minecraft:wooden_pickaxe":2,"minecraft:furnace":1,"minecraft:bucket":1,"minecraft:air":0,"minecraft:stick":12,"minecraft:iron_ingot":17,"minecraft:iron_pickaxe":1,"minecraft:stone_pickaxe":2,"minecraft:stone_sword":1,"minecraft:chest":7},"minecraft:dropped":{"minecraft:water_bucket":4,"minecraft:blackstone":128,"minecraft:iron_ingot":47,"minecraft:iron_sword":3,"minecraft:ancient_debris":4,"minecraft:oak_log":128,"minecraft:diamond":1,"minecraft:deepslate":128,"minecraft:obsidian":77,"minecraft:iron_helmet":3,"minecraft:iron_boots":2,"minecraft:enchanted_golden_apple":1,"minecraft:elytra":1,"minecraft:golden_apple":2,"minecraft:flint_and_steel":1,"minecraft:lava_bucket":1,"minecraft:stone":64,"minecraft:shield":2,"minecraft:torch":32,"minecraft:diamond_pickaxe":2,"minecraft:iron_chestplate":3,"minecraft:melon_slice":64,"minecraft:iron_leggings":2,"minecraft:gold_nugget":416,"minecraft:spruce_log":1,"minecraft:iron_axe":2,"minecraft:arrow":1,"minecraft:string":2,"minecraft:enchanting_table":1,"minecraft:netherrack":895,"minecraft:spruce_sapling":1,"minecraft:gold_ingot":7,"minecraft:bone":2,"minecraft:firework_rocket":128},"minecraft:mined":{"minecraft:tuff":3,"minecraft:spruce_planks":1,"minecraft:deepslate_diamond_ore":8,"minecraft:crafting_table":2,"minecraft:granite":1,"minecraft:chest":1,"minecraft:spruce_leaves":8,"minecraft:diorite":2,"minecraft:wall_torch":4,"minecraft:iron_ore":19,"minecraft:andesite":2,"minecraft:grass":3,"minecraft:coal_ore":2,"minecraft:deepslate_iron_ore":13,"minecraft:rail":1,"minecraft:dripstone_block":1,"minecraft:cobweb":5,"minecraft:stone":115,"minecraft:oak_leaves":24,"minecraft:deepslate":37},"minecraft:used":{"minecraft:trident":1,"minecraft:water_bucket":11,"minecraft:netherite_sword":2,"minecraft:diorite":2,"minecraft:stone_sword":45,"minecraft:flint_and_steel":3,"minecraft:stone_pickaxe":121,"minecraft:oak_planks":14,"minecraft:chest":8,"minecraft:spruce_planks":83,"minecraft:wooden_pickaxe":21,"minecraft:stone":160,"minecraft:torch":8,"minecraft:dirt":17,"minecraft:crafting_table":6,"minecraft:dripstone_block":1,"minecraft:tuff":3,"minecraft:obsidian":22,"minecraft:firework_rocket":83,"minecraft:grass_block":99,"minecraft:bread":1,"minecraft:iron_pickaxe":62,"minecraft:spruce_sapling":1,"minecraft:cobblestone":85,"minecraft:turtle_helmet":1,"minecraft:furnace":1,"minecraft:bucket":12,"minecraft:andesite":1,"minecraft:cobbled_deepslate":35},"minecraft:picked_up":{"minecraft:crafting_table":2,"minecraft:iron_chestplate":1,"minecraft:water_bucket":1,"minecraft:andesite":2,"minecraft:tuff":3,"minecraft:oak_log":83,"minecraft:ancient_debris":2,"minecraft:string":7,"minecraft:iron_axe":1,"minecraft:bone":8,"minecraft:cobbled_deepslate":38,"minecraft:spruce_planks":1,"minecraft:chest":1,"minecraft:oak_planks":1,"minecraft:stick":2,"minecraft:raw_iron":32,"minecraft:torch":5,"minecraft:dripstone_block":1,"minecraft:spruce_sapling":3,"minecraft:pointed_dripstone":3,"minecraft:diorite":2,"minecraft:spruce_log":41,"minecraft:arrow":5,"minecraft:rotten_flesh":6,"minecraft:diamond":8,"minecraft:iron_helmet":1,"minecraft:granite":1,"minecraft:obsidian":1,"minecraft:coal":2,"minecraft:rail":1,"minecraft:cobblestone":115}},"DataVersion":3337}