{"stats":{"minecraft:crafted":{"minecraft:crafting_table":1,"minecraft:spruce_planks":52,"minecraft:wooden_pickaxe":1},"minecraft:mined":{"minecraft:grass":1,"minecraft:stone":14,"minecraft:spruce_leaves":8},"minecraft:dropped":{"minecraft:spruce_log":1},"minecraft:custom":{"minecraft:time_since_rest":11485,"minecraft:play_time":11485,"minecraft:sprint_one_cm":9015,"minecraft:damage_taken":40,"minecraft:walk_one_cm":10110,"minecraft:sneak_time":70,"minecraft:drop":1,"minecraft:jump":129,"minecraft:damage_dealt":35,"minecraft:leave_game":4,"minecraft:time_since_death":11485,"minecraft:total_world_time":11485,"minecraft:interact_with_crafting_table":3,"minecraft:fall_one_cm":3325,"minecraft:fly_one_cm":27173},"minecraft:picked_up":{"minecraft:stick":2,"minecraft:spruce_sapling":1,"minecraft:spruce_log":14,"minecraft:cobblestone":14},"minecraft:used":{"minecraft:crafting_table":1,"minecraft:wooden_pickaxe":15}},"DataVersion":3337}