{"stats":{"minecraft:custom":{"minecraft:interact_with_furnace":5,"minecraft:mob_kills":9,"minecraft:interact_with_crafting_table":13,"minecraft:leave_game":10,"minecraft:time_since_death":90781,"minecraft:sleep_in_bed":1,"minecraft:time_since_rest":42458,"minecraft:sprint_one_cm":190207,"minecraft:damage_taken":1000,"minecraft:walk_one_cm":121948,"minecraft:drop":32,"minecraft:damage_dealt":2046,"minecraft:swim_one_cm":985,"minecraft:fly_one_cm":283248,"minecraft:open_chest":5,"minecraft:crouch_one_cm":12773,"minecraft:play_time":90781,"minecraft:sneak_time":4337,"minecraft:walk_under_water_one_cm":4643,"minecraft:jump":1462,"minecraft:walk_on_water_one_cm":2633,"minecraft:total_world_time":90781,"minecraft:fall_one_cm":47208},"minecraft:killed":{"minecraft:skeleton":3,"minecraft:zombie":5},"minecraft:crafted":{"minecraft:oak_planks":76,"minecraft:crafting_table":4,"minecraft:spruce_planks":160,"minecraft:wooden_pickaxe":2,"minecraft:furnace":1,"minecraft:bucket":1,"minecraft:air":0,"minecraft:stick":12,"minecraft:iron_ingot":17,"minecraft:iron_pickaxe":1,"minecraft:stone_pickaxe":2,"minecraft:stone_sword":1,"minecraft:chest":7},"minecraft:dropped":{"minecraft:iron_ingot":47,"minecraft:iron_sword":1,"minecraft:ancient_debris":4,"minecraft:oak_log":128,"minecraft:diamond":1,"minecraft:stone":64,"minecraft:shield":2,"minecraft:diamond_pickaxe":2,"minecraft:melon_slice":64,"minecraft:spruce_log":1,"minecraft:netherrack":895,"minecraft:enchanting_table":1,"minecraft:spruce_sapling":1},"minecraft:mined":{"minecraft:tuff":3,"minecraft:spruce_planks":1,"minecraft:deepslate_diamond_ore":8,"minecraft:crafting_table":2,"minecraft:granite":1,"minecraft:chest":1,"minecraft:spruce_leaves":8,"minecraft:diorite":2,"minecraft:wall_torch":4,"minecraft:iron_ore":19,"minecraft:andesite":2,"minecraft:grass":3,"minecraft:coal_ore":2,"minecraft:deepslate_iron_ore":13,"minecraft:rail":1,"minecraft:dripstone_block":1,"minecraft:cobweb":5,"minecraft:stone":115,"minecraft:oak_leaves":24,"minecraft:deepslate":37},"minecraft:used":{"minecraft:water_bucket":10,"minecraft:diorite":2,"minecraft:stone_sword":45,"minecraft:flint_and_steel":1,"minecraft:stone_pickaxe":121,"minecraft:oak_planks":14,"minecraft:chest":8,"minecraft:spruce_planks":83,"minecraft:wooden_pickaxe":21,"minecraft:stone":160,"minecraft:torch":8,"minecraft:crafting_table":6,"minecraft:dripstone_block":1,"minecraft:tuff":3,"minecraft:obsidian":14,"minecraft:grass_block":94,"minecraft:bread":1,"minecraft:iron_pickaxe":62,"minecraft:spruce_sapling":1,"minecraft:cobblestone":85,"minecraft:furnace":1,"minecraft:andesite":1,"minecraft:bucket":11,"minecraft:cobbled_deepslate":35},"minecraft:picked_up":{"minecraft:crafting_table":2,"minecraft:andesite":2,"minecraft:tuff":3,"minecraft:ancient_debris":2,"minecraft:oak_log":83,"minecraft:string":5,"minecraft:bone":6,"minecraft:cobbled_deepslate":38,"minecraft:spruce_planks":1,"minecraft:chest":1,"minecraft:oak_planks":1,"minecraft:stick":2,"minecraft:raw_iron":32,"minecraft:torch":5,"minecraft:dripstone_block":1,"minecraft:spruce_sapling":3,"minecraft:pointed_dripstone":3,"minecraft:diorite":2,"minecraft:spruce_log":41,"minecraft:arrow":4,"minecraft:rotten_flesh":5,"minecraft:diamond":8,"minecraft:granite":1,"minecraft:coal":2,"minecraft:rail":1,"minecraft:cobblestone":115}},"DataVersion":3337}