{"stats":{"minecraft:dropped":{"minecraft:spruce_log":1},"minecraft:crafted":{"minecraft:crafting_table":1,"minecraft:spruce_planks":52,"minecraft:wooden_pickaxe":1},"minecraft:mined":{"minecraft:grass":1,"minecraft:spruce_leaves":8,"minecraft:stone":14},"minecraft:picked_up":{"minecraft:stick":2,"minecraft:spruce_sapling":1,"minecraft:spruce_log":14,"minecraft:cobblestone":14},"minecraft:custom":{"minecraft:time_since_rest":18710,"minecraft:crouch_one_cm":77,"minecraft:play_time":18710,"minecraft:sprint_one_cm":10025,"minecraft:damage_taken":40,"minecraft:walk_one_cm":17164,"minecraft:sneak_time":288,"minecraft:drop":1,"minecraft:jump":151,"minecraft:damage_dealt":35,"minecraft:leave_game":6,"minecraft:time_since_death":18710,"minecraft:total_world_time":18710,"minecraft:interact_with_crafting_table":3,"minecraft:fall_one_cm":3534,"minecraft:fly_one_cm":40055},"minecraft:used":{"minecraft:crafting_table":1,"minecraft:wooden_pickaxe":15}},"DataVersion":3337}