{"stats":{"minecraft:custom":{"minecraft:mob_kills":115,"minecraft:interact_with_crafting_table":43,"minecraft:leave_game":2,"minecraft:time_since_death":115471,"minecraft:climb_one_cm":1750,"minecraft:sprint_one_cm":727694,"minecraft:walk_one_cm":446011,"minecraft:damage_blocked_by_shield":1375,"minecraft:drop":87,"minecraft:talked_to_villager":1,"minecraft:play_time":312930,"minecraft:deaths":6,"minecraft:sneak_time":58627,"minecraft:walk_under_water_one_cm":36189,"minecraft:jump":6769,"minecraft:walk_on_water_one_cm":25007,"minecraft:enchant_item":3,"minecraft:total_world_time":312930,"minecraft:interact_with_furnace":44,"minecraft:sleep_in_bed":11,"minecraft:time_since_rest":41,"minecraft:damage_taken":10190,"minecraft:damage_dealt":20482,"minecraft:swim_one_cm":20362,"minecraft:fly_one_cm":1133259,"minecraft:player_kills":1,"minecraft:open_chest":41,"minecraft:crouch_one_cm":141937,"minecraft:aviate_one_cm":142028,"minecraft:fall_one_cm":256663,"minecraft:horse_one_cm":5495},"minecraft:killed":{"minecraft:spider":8,"minecraft:skeleton":24,"minecraft:chicken":1,"minecraft:piglin":7,"minecraft:pig":8,"minecraft:iron_golem":1,"minecraft:hoglin":5,"minecraft:creeper":1,"minecraft:sheep":9,"minecraft:zombie":39,"minecraft:glow_squid":2,"minecraft:enderman":4,"minecraft:cow":7},"minecraft:crafted":{"minecraft:oak_planks":76,"minecraft:redstone":90,"minecraft:coal":81,"minecraft:furnace":8,"minecraft:dark_oak_trapdoor":2,"minecraft:bookshelf":10,"minecraft:flint_and_steel":2,"minecraft:iron_boots":1,"minecraft:iron_axe":1,"minecraft:stone_pickaxe":2,"minecraft:chest":1,"minecraft:spruce_boat":1,"minecraft:redstone_block":10,"minecraft:stone_hoe":1,"minecraft:gray_bed":1,"minecraft:cooked_beef":8,"minecraft:coal_block":9,"minecraft:cooked_porkchop":6,"minecraft:crafting_table":3,"minecraft:spruce_planks":68,"minecraft:enchanting_table":1,"minecraft:wooden_pickaxe":1,"minecraft:iron_helmet":1,"minecraft:iron_sword":2,"minecraft:bucket":2,"minecraft:air":0,"minecraft:book":1,"minecraft:iron_chestplate":1,"minecraft:paper":3,"minecraft:diamond_pickaxe":1,"minecraft:shield":1,"minecraft:stick":24,"minecraft:iron_pickaxe":1,"minecraft:iron_ingot":196,"minecraft:wooden_axe":1,"minecraft:stone_sword":1,"minecraft:iron_block":11,"minecraft:gold_ingot":30,"minecraft:iron_leggings":1,"minecraft:white_bed":3,"minecraft:torch":8,"minecraft:shears":1,"minecraft:lapis_lazuli":108,"minecraft:lapis_block":12},"minecraft:killed_by":{"minecraft:player":1},"minecraft:dropped":{"minecraft:water_bucket":2,"minecraft:iron_ingot":148,"minecraft:iron_sword":1,"minecraft:wheat_seeds":4,"minecraft:lapis_lazuli":295,"minecraft:oak_log":13,"minecraft:diamond":29,"minecraft:crafting_table":1,"minecraft:dripstone_block":1,"minecraft:cooked_porkchop":5,"minecraft:feather":2,"minecraft:iron_helmet":1,"minecraft:leather":10,"minecraft:granite":3,"minecraft:elytra":1,"minecraft:grass_block":1,"minecraft:coal":4,"minecraft:red_mushroom":1,"minecraft:stick":2,"minecraft:lava_bucket":1,"minecraft:gray_wool":44,"minecraft:diorite":2,"minecraft:wooden_axe":1,"minecraft:iron_leggings":1,"minecraft:iron_pickaxe":2,"minecraft:gold_ingot":1,"minecraft:redstone":7,"minecraft:blackstone":3,"minecraft:stone_sword":1,"minecraft:raw_copper":2,"minecraft:diamond_hoe":1,"minecraft:obsidian":10,"minecraft:pointed_dripstone":1,"minecraft:rotten_flesh":17,"minecraft:iron_boots":1,"minecraft:cooked_mutton":5,"minecraft:white_bed":1,"minecraft:poppy":2,"minecraft:shield":2,"minecraft:spruce_planks":21,"minecraft:iron_chestplate":1,"minecraft:basalt":5,"minecraft:wooden_pickaxe":2,"minecraft:stone_pickaxe":2,"minecraft:netherrack":4},"minecraft:used":{"minecraft:enchanting_table":7,"minecraft:stone_sword":23,"minecraft:flint_and_steel":12,"minecraft:diamond_hoe":3,"minecraft:elytra":2,"minecraft:chest":2,"minecraft:spruce_planks":11,"minecraft:shield":18,"minecraft:iron_sword":330,"minecraft:stone_hoe":15,"minecraft:rotten_flesh":23,"minecraft:sculk_sensor":2,"minecraft:netherrack":97,"minecraft:iron_chestplate":3,"minecraft:torch":29,"minecraft:dirt":4,"minecraft:soul_sand":1,"minecraft:mutton":4,"minecraft:obsidian":10,"minecraft:wooden_axe":24,"minecraft:lava_bucket":33,"minecraft:bookshelf":10,"minecraft:iron_axe":91,"minecraft:oak_stairs":1,"minecraft:iron_helmet":1,"minecraft:iron_boots":1,"minecraft:sweet_berries":12,"minecraft:furnace":11,"minecraft:gray_bed":2,"minecraft:cooked_beef":15,"minecraft:cobbled_deepslate":69,"minecraft:pointed_dripstone":41,"minecraft:iron_leggings":2,"minecraft:cooked_mutton":6,"minecraft:water_bucket":83,"minecraft:diorite":10,"minecraft:stone_pickaxe":140,"minecraft:wooden_pickaxe":8,"minecraft:dark_oak_trapdoor":7,"minecraft:crafting_table":24,"minecraft:white_bed":9,"minecraft:shears":146,"minecraft:diamond_pickaxe":932,"minecraft:firework_rocket":128,"minecraft:bread":43,"minecraft:chicken":1,"minecraft:iron_pickaxe":233,"minecraft:deepslate":128,"minecraft:gravel":17,"minecraft:potion":3,"minecraft:cobblestone":103,"minecraft:cooked_porkchop":20,"minecraft:bucket":118,"minecraft:gray_wool":102},"minecraft:picked_up":{"minecraft:iron_chestplate":5,"minecraft:crafting_table":24,"minecraft:chicken":1,"minecraft:wooden_pickaxe":1,"minecraft:oak_stairs":1,"minecraft:shield":6,"minecraft:dark_oak_trapdoor":6,"minecraft:string":16,"minecraft:elytra":2,"minecraft:soul_soil":3,"minecraft:raw_copper":12,"minecraft:iron_axe":4,"minecraft:flint_and_steel":2,"minecraft:iron_leggings":4,"minecraft:compass":1,"minecraft:blackstone":131,"minecraft:candle":2,"minecraft:gold_nugget":135,"minecraft:cobbled_deepslate":314,"minecraft:spruce_planks":21,"minecraft:echo_shard":3,"minecraft:beef":4,"minecraft:poppy":2,"minecraft:iron_pickaxe":1,"minecraft:sugar_cane":24,"minecraft:chest":1,"minecraft:furnace":7,"minecraft:iron_boots":5,"minecraft:stick":1,"minecraft:raw_iron":136,"minecraft:torch":67,"minecraft:porkchop":12,"minecraft:pointed_dripstone":134,"minecraft:diorite":12,"minecraft:redstone":105,"minecraft:dark_oak_planks":13,"minecraft:arrow":23,"minecraft:rotten_flesh":43,"minecraft:hay_block":15,"minecraft:mutton":4,"minecraft:obsidian":156,"minecraft:white_wool":9,"minecraft:cobblestone":164,"minecraft:enchanting_table":10,"minecraft:cooked_beef":7,"minecraft:feather":2,"minecraft:basalt":5,"minecraft:glow_ink_sac":3,"minecraft:water_bucket":4,"minecraft:andesite":10,"minecraft:leather":20,"minecraft:red_mushroom":1,"minecraft:filled_map":3,"minecraft:flint":4,"minecraft:tuff":31,"minecraft:oak_log":36,"minecraft:ancient_debris":9,"minecraft:lapis_lazuli":345,"minecraft:dirt":23,"minecraft:cooked_mutton":11,"minecraft:bone":27,"minecraft:wheat_seeds":6,"minecraft:raw_gold":75,"minecraft:iron_ingot":233,"minecraft:stone_pickaxe":2,"minecraft:gray_bed":1,"minecraft:iron_sword":4,"minecraft:oak_planks":2,"minecraft:soul_sand":5,"minecraft:book":18,"minecraft:warped_fungus":3,"minecraft:cooked_porkchop":17,"minecraft:music_disc_13":1,"minecraft:sweet_berries":12,"minecraft:dripstone_block":3,"minecraft:gravel":44,"minecraft:lava_bucket":5,"minecraft:soul_torch":7,"minecraft:spruce_sapling":4,"minecraft:spruce_log":17,"minecraft:white_bed":7,"minecraft:grass_block":1,"minecraft:spider_eye":3,"minecraft:firework_rocket":128,"minecraft:diamond":147,"minecraft:deepslate":491,"minecraft:iron_helmet":5,"minecraft:granite":3,"minecraft:golden_apple":8,"minecraft:gray_wool":149,"minecraft:bread":51,"minecraft:netherrack":255,"minecraft:ender_pearl":6,"minecraft:coal":135,"minecraft:crimson_roots":2,"minecraft:diamond_pickaxe":4},"minecraft:mined":{"minecraft:dark_oak_planks":15,"minecraft:nether_gold_ore":37,"minecraft:tuff":31,"minecraft:white_bed":6,"minecraft:deepslate_diamond_ore":41,"minecraft:obsidian":28,"minecraft:grass_block":4,"minecraft:crimson_roots":4,"minecraft:soul_soil":3,"minecraft:spruce_leaves":9,"minecraft:oxeye_daisy":1,"minecraft:spawner":1,"minecraft:hay_block":15,"minecraft:redstone_ore":5,"minecraft:furnace":7,"minecraft:dark_oak_trapdoor":6,"minecraft:fire":43,"minecraft:iron_ore":115,"minecraft:cobbled_deepslate":6,"minecraft:andesite":4,"minecraft:deepslate_lapis_ore":26,"minecraft:enchanting_table":5,"minecraft:sculk_shrieker":3,"minecraft:pointed_dripstone":66,"minecraft:deepslate_iron_ore":21,"minecraft:oak_stairs":1,"minecraft:stone":124,"minecraft:deepslate_redstone_ore":16,"minecraft:blackstone":3,"minecraft:soul_sand":5,"minecraft:basalt":5,"minecraft:crafting_table":24,"minecraft:torch":2,"minecraft:chest":1,"minecraft:sculk_sensor":2,"minecraft:cobblestone":15,"minecraft:copper_ore":4,"minecraft:tall_grass":4,"minecraft:deepslate_gold_ore":67,"minecraft:lapis_ore":15,"minecraft:oak_planks":2,"minecraft:sugar_cane":10,"minecraft:sculk":20,"minecraft:diorite":1,"minecraft:wall_torch":1,"minecraft:gray_wool":150,"minecraft:sweet_berry_bush":5,"minecraft:gray_bed":1,"minecraft:spruce_log":17,"minecraft:warped_fungus":4,"minecraft:grass":24,"minecraft:coal_ore":132,"minecraft:oak_log":24,"minecraft:gravel":19,"minecraft:dripstone_block":1,"minecraft:dirt":4,"minecraft:gray_carpet":1,"minecraft:cobweb":1,"minecraft:netherrack":240,"minecraft:ancient_debris":2,"minecraft:gold_ore":8,"minecraft:oak_leaves":2,"minecraft:deepslate":282,"minecraft:fern":2},"minecraft:broken":{"minecraft:iron_helmet":1}},"DataVersion":3337}