{"stats":{"minecraft:custom":{"minecraft:mob_kills":104,"minecraft:interact_with_crafting_table":35,"minecraft:leave_game":1,"minecraft:time_since_death":14767,"minecraft:climb_one_cm":426,"minecraft:sprint_one_cm":559083,"minecraft:walk_one_cm":359446,"minecraft:damage_blocked_by_shield":1155,"minecraft:drop":73,"minecraft:talked_to_villager":1,"minecraft:play_time":212226,"minecraft:deaths":6,"minecraft:sneak_time":23144,"minecraft:walk_under_water_one_cm":15971,"minecraft:jump":4650,"minecraft:walk_on_water_one_cm":15053,"minecraft:enchant_item":2,"minecraft:total_world_time":212226,"minecraft:interact_with_furnace":35,"minecraft:sleep_in_bed":9,"minecraft:time_since_rest":14796,"minecraft:damage_taken":8660,"minecraft:damage_dealt":18316,"minecraft:player_kills":1,"minecraft:swim_one_cm":16746,"minecraft:fly_one_cm":890924,"minecraft:open_chest":13,"minecraft:crouch_one_cm":60409,"minecraft:aviate_one_cm":142028,"minecraft:fall_one_cm":186804,"minecraft:horse_one_cm":5495},"minecraft:killed":{"minecraft:spider":6,"minecraft:skeleton":22,"minecraft:chicken":1,"minecraft:piglin":7,"minecraft:pig":8,"minecraft:iron_golem":1,"minecraft:hoglin":5,"minecraft:sheep":9,"minecraft:zombie":33,"minecraft:glow_squid":2,"minecraft:enderman":4,"minecraft:cow":7},"minecraft:crafted":{"minecraft:redstone":90,"minecraft:coal":81,"minecraft:furnace":4,"minecraft:flint_and_steel":2,"minecraft:iron_boots":1,"minecraft:iron_axe":1,"minecraft:stone_pickaxe":2,"minecraft:spruce_boat":1,"minecraft:redstone_block":10,"minecraft:stone_hoe":1,"minecraft:cooked_beef":8,"minecraft:coal_block":9,"minecraft:cooked_porkchop":6,"minecraft:crafting_table":2,"minecraft:spruce_planks":68,"minecraft:enchanting_table":1,"minecraft:wooden_pickaxe":1,"minecraft:iron_helmet":1,"minecraft:iron_sword":2,"minecraft:bucket":2,"minecraft:air":0,"minecraft:iron_chestplate":1,"minecraft:book":1,"minecraft:paper":3,"minecraft:diamond_pickaxe":1,"minecraft:shield":1,"minecraft:stick":24,"minecraft:iron_ingot":175,"minecraft:iron_pickaxe":1,"minecraft:wooden_axe":1,"minecraft:iron_block":11,"minecraft:stone_sword":1,"minecraft:iron_leggings":1,"minecraft:gold_ingot":9,"minecraft:white_bed":3,"minecraft:torch":8,"minecraft:lapis_lazuli":108,"minecraft:lapis_block":12},"minecraft:killed_by":{"minecraft:player":1},"minecraft:dropped":{"minecraft:water_bucket":2,"minecraft:iron_ingot":103,"minecraft:iron_sword":1,"minecraft:wheat_seeds":2,"minecraft:lapis_lazuli":231,"minecraft:oak_log":13,"minecraft:diamond":1,"minecraft:crafting_table":1,"minecraft:dripstone_block":1,"minecraft:cooked_porkchop":5,"minecraft:feather":2,"minecraft:iron_helmet":1,"minecraft:leather":10,"minecraft:granite":3,"minecraft:elytra":1,"minecraft:grass_block":1,"minecraft:coal":4,"minecraft:red_mushroom":1,"minecraft:stick":2,"minecraft:lava_bucket":1,"minecraft:diorite":2,"minecraft:wooden_axe":1,"minecraft:iron_pickaxe":2,"minecraft:gold_ingot":1,"minecraft:redstone":7,"minecraft:blackstone":3,"minecraft:stone_sword":1,"minecraft:raw_copper":2,"minecraft:obsidian":10,"minecraft:pointed_dripstone":1,"minecraft:rotten_flesh":17,"minecraft:iron_boots":1,"minecraft:cooked_mutton":5,"minecraft:white_bed":1,"minecraft:poppy":2,"minecraft:shield":2,"minecraft:spruce_planks":21,"minecraft:iron_chestplate":1,"minecraft:basalt":5,"minecraft:wooden_pickaxe":2,"minecraft:stone_pickaxe":2,"minecraft:netherrack":4},"minecraft:used":{"minecraft:enchanting_table":5,"minecraft:stone_sword":23,"minecraft:flint_and_steel":12,"minecraft:elytra":2,"minecraft:spruce_planks":11,"minecraft:shield":16,"minecraft:iron_sword":287,"minecraft:stone_hoe":15,"minecraft:rotten_flesh":23,"minecraft:netherrack":97,"minecraft:iron_chestplate":3,"minecraft:torch":24,"minecraft:dirt":4,"minecraft:soul_sand":1,"minecraft:mutton":4,"minecraft:obsidian":10,"minecraft:wooden_axe":24,"minecraft:lava_bucket":32,"minecraft:iron_axe":31,"minecraft:iron_helmet":1,"minecraft:iron_boots":1,"minecraft:sweet_berries":12,"minecraft:furnace":7,"minecraft:cooked_beef":15,"minecraft:cobbled_deepslate":57,"minecraft:iron_leggings":2,"minecraft:cooked_mutton":6,"minecraft:water_bucket":58,"minecraft:diorite":10,"minecraft:stone_pickaxe":140,"minecraft:wooden_pickaxe":8,"minecraft:crafting_table":21,"minecraft:white_bed":9,"minecraft:diamond_pickaxe":606,"minecraft:firework_rocket":128,"minecraft:bread":9,"minecraft:chicken":1,"minecraft:iron_pickaxe":233,"minecraft:deepslate":19,"minecraft:gravel":17,"minecraft:cobblestone":58,"minecraft:cooked_porkchop":20,"minecraft:bucket":92},"minecraft:picked_up":{"minecraft:iron_chestplate":5,"minecraft:crafting_table":22,"minecraft:chicken":1,"minecraft:wooden_pickaxe":1,"minecraft:shield":6,"minecraft:elytra":2,"minecraft:iron_axe":4,"minecraft:string":15,"minecraft:soul_soil":3,"minecraft:raw_copper":8,"minecraft:flint_and_steel":2,"minecraft:iron_leggings":4,"minecraft:blackstone":131,"minecraft:gold_nugget":135,"minecraft:cobbled_deepslate":223,"minecraft:spruce_planks":21,"minecraft:beef":4,"minecraft:poppy":2,"minecraft:iron_pickaxe":1,"minecraft:sugar_cane":24,"minecraft:furnace":7,"minecraft:iron_boots":5,"minecraft:stick":1,"minecraft:raw_iron":103,"minecraft:torch":66,"minecraft:porkchop":12,"minecraft:pointed_dripstone":41,"minecraft:diorite":12,"minecraft:redstone":96,"minecraft:arrow":19,"minecraft:rotten_flesh":38,"minecraft:hay_block":15,"minecraft:mutton":4,"minecraft:obsidian":155,"minecraft:white_wool":9,"minecraft:cobblestone":95,"minecraft:enchanting_table":9,"minecraft:cooked_beef":7,"minecraft:feather":2,"minecraft:basalt":5,"minecraft:water_bucket":4,"minecraft:glow_ink_sac":3,"minecraft:andesite":10,"minecraft:leather":20,"minecraft:red_mushroom":1,"minecraft:flint":4,"minecraft:tuff":31,"minecraft:oak_log":17,"minecraft:ancient_debris":9,"minecraft:lapis_lazuli":250,"minecraft:dirt":23,"minecraft:cooked_mutton":11,"minecraft:bone":15,"minecraft:wheat_seeds":3,"minecraft:raw_gold":54,"minecraft:iron_ingot":233,"minecraft:stone_pickaxe":2,"minecraft:iron_sword":4,"minecraft:soul_sand":5,"minecraft:oak_planks":2,"minecraft:warped_fungus":3,"minecraft:cooked_porkchop":17,"minecraft:sweet_berries":12,"minecraft:gravel":44,"minecraft:dripstone_block":1,"minecraft:lava_bucket":5,"minecraft:spruce_sapling":4,"minecraft:spruce_log":17,"minecraft:white_bed":7,"minecraft:grass_block":1,"minecraft:spider_eye":2,"minecraft:firework_rocket":128,"minecraft:deepslate":491,"minecraft:diamond":109,"minecraft:iron_helmet":5,"minecraft:granite":3,"minecraft:golden_apple":8,"minecraft:diamond_pickaxe":4,"minecraft:bread":9,"minecraft:netherrack":255,"minecraft:coal":95,"minecraft:crimson_roots":2,"minecraft:ender_pearl":6},"minecraft:mined":{"minecraft:nether_gold_ore":37,"minecraft:tuff":31,"minecraft:white_bed":6,"minecraft:deepslate_diamond_ore":31,"minecraft:obsidian":28,"minecraft:grass_block":4,"minecraft:crimson_roots":4,"minecraft:soul_soil":3,"minecraft:spruce_leaves":9,"minecraft:oxeye_daisy":1,"minecraft:spawner":1,"minecraft:hay_block":15,"minecraft:redstone_ore":3,"minecraft:furnace":7,"minecraft:cobbled_deepslate":4,"minecraft:iron_ore":93,"minecraft:fire":43,"minecraft:andesite":4,"minecraft:deepslate_lapis_ore":20,"minecraft:enchanting_table":4,"minecraft:pointed_dripstone":23,"minecraft:deepslate_iron_ore":10,"minecraft:stone":65,"minecraft:deepslate_redstone_ore":16,"minecraft:blackstone":3,"minecraft:soul_sand":5,"minecraft:basalt":5,"minecraft:crafting_table":22,"minecraft:torch":2,"minecraft:cobblestone":9,"minecraft:tall_grass":2,"minecraft:copper_ore":2,"minecraft:deepslate_gold_ore":52,"minecraft:lapis_ore":8,"minecraft:sugar_cane":10,"minecraft:oak_planks":2,"minecraft:diorite":1,"minecraft:wall_torch":1,"minecraft:sweet_berry_bush":5,"minecraft:spruce_log":17,"minecraft:warped_fungus":4,"minecraft:grass":13,"minecraft:oak_log":5,"minecraft:coal_ore":92,"minecraft:gravel":19,"minecraft:dripstone_block":1,"minecraft:dirt":4,"minecraft:cobweb":1,"minecraft:ancient_debris":2,"minecraft:netherrack":240,"minecraft:oak_leaves":2,"minecraft:gold_ore":2,"minecraft:deepslate":191,"minecraft:fern":2},"minecraft:broken":{"minecraft:iron_helmet":1}},"DataVersion":3337}