{"stats":{"minecraft:dropped":{"minecraft:iron_ingot":1,"minecraft:wheat_seeds":1,"minecraft:stone_sword":1,"minecraft:cobbled_deepslate":1,"minecraft:rotten_flesh":5,"minecraft:stone_pickaxe":1,"minecraft:wooden_pickaxe":1,"minecraft:bone":1},"minecraft:mined":{"minecraft:deepslate_redstone_ore":3,"minecraft:white_bed":8,"minecraft:crafting_table":10,"minecraft:copper_ore":2,"minecraft:deepslate_gold_ore":7,"minecraft:sugar_cane":16,"minecraft:oak_planks":1,"minecraft:furnace":7,"minecraft:iron_ore":53,"minecraft:sweet_berry_bush":6,"minecraft:andesite":3,"minecraft:deepslate_lapis_ore":8,"minecraft:grass":1,"minecraft:coal_ore":76,"minecraft:pointed_dripstone":22,"minecraft:oak_log":17,"minecraft:deepslate_iron_ore":28,"minecraft:gravel":1,"minecraft:stone":54,"minecraft:oak_leaves":2,"minecraft:deepslate":15},"minecraft:used":{"minecraft:water_bucket":10,"minecraft:stone_sword":83,"minecraft:stone_pickaxe":107,"minecraft:oak_planks":17,"minecraft:shield":7,"minecraft:wooden_pickaxe":7,"minecraft:iron_sword":3,"minecraft:torch":9,"minecraft:mutton":5,"minecraft:crafting_table":10,"minecraft:white_bed":10,"minecraft:wooden_axe":34,"minecraft:iron_pickaxe":164,"minecraft:iron_helmet":1,"minecraft:iron_boots":1,"minecraft:stone_axe":21,"minecraft:beef":6,"minecraft:sweet_berries":15,"minecraft:furnace":7,"minecraft:cooked_porkchop":1,"minecraft:bucket":11,"minecraft:oak_boat":1,"minecraft:cooked_beef":8},"minecraft:killed":{"minecraft:wolf":1,"minecraft:pig":3,"minecraft:spider":1,"minecraft:sheep":3,"minecraft:skeleton":7,"minecraft:zombie":13,"minecraft:enderman":1,"minecraft:cow":23},"minecraft:custom":{"minecraft:interact_with_furnace":63,"minecraft:mob_kills":53,"minecraft:interact_with_crafting_table":31,"minecraft:leave_game":4,"minecraft:time_since_death":59268,"minecraft:sleep_in_bed":8,"minecraft:time_since_rest":6784,"minecraft:sprint_one_cm":197742,"minecraft:damage_taken":763,"minecraft:walk_one_cm":64629,"minecraft:damage_blocked_by_shield":285,"minecraft:drop":8,"minecraft:damage_dealt":7776,"minecraft:swim_one_cm":11420,"minecraft:fly_one_cm":312452,"minecraft:open_chest":3,"minecraft:crouch_one_cm":20017,"minecraft:play_time":59268,"minecraft:sneak_time":8527,"minecraft:walk_under_water_one_cm":1381,"minecraft:jump":1553,"minecraft:walk_on_water_one_cm":12820,"minecraft:total_world_time":59268,"minecraft:fall_one_cm":53482},"minecraft:crafted":{"minecraft:cooked_beef":31,"minecraft:coal_block":6,"minecraft:oak_planks":68,"minecraft:cooked_porkchop":0,"minecraft:crafting_table":1,"minecraft:wooden_pickaxe":1,"minecraft:iron_helmet":1,"minecraft:iron_sword":1,"minecraft:furnace":4,"minecraft:stone_axe":1,"minecraft:air":0,"minecraft:oak_boat":1,"minecraft:iron_boots":1,"minecraft:iron_chestplate":1,"minecraft:shield":1,"minecraft:stick":24,"minecraft:iron_ingot":135,"minecraft:iron_pickaxe":1,"minecraft:stone_pickaxe":1,"minecraft:wooden_axe":1,"minecraft:iron_block":12,"minecraft:stone_sword":1,"minecraft:iron_leggings":1,"minecraft:white_bed":1,"minecraft:torch":16,"minecraft:lapis_lazuli":27,"minecraft:lapis_block":3},"minecraft:picked_up":{"minecraft:crafting_table":10,"minecraft:andesite":3,"minecraft:leather":22,"minecraft:oak_log":17,"minecraft:gunpowder":2,"minecraft:lapis_lazuli":35,"minecraft:string":1,"minecraft:raw_copper":6,"minecraft:bone":1,"minecraft:wheat_seeds":1,"minecraft:cobbled_deepslate":16,"minecraft:raw_gold":7,"minecraft:beef":38,"minecraft:oak_boat":1,"minecraft:sugar_cane":25,"minecraft:oak_planks":1,"minecraft:furnace":7,"minecraft:raw_iron":81,"minecraft:sweet_berries":15,"minecraft:gravel":1,"minecraft:porkchop":5,"minecraft:pointed_dripstone":32,"minecraft:white_bed":9,"minecraft:carrot":2,"minecraft:redstone":14,"minecraft:arrow":6,"minecraft:rotten_flesh":7,"minecraft:mutton":5,"minecraft:coal":76,"minecraft:white_wool":3,"minecraft:cobblestone":58},"minecraft:broken":{"minecraft:wooden_axe":1}},"DataVersion":3337}