{"stats":{"minecraft:dropped":{"minecraft:iron_ingot":11,"minecraft:lapis_lazuli":2,"minecraft:crafting_table":1,"minecraft:cooked_porkchop":1,"minecraft:feather":2,"minecraft:leather":1,"minecraft:grass_block":1,"minecraft:coal":4,"minecraft:stick":2,"minecraft:diorite":2,"minecraft:wooden_axe":1,"minecraft:iron_pickaxe":1,"minecraft:redstone":7,"minecraft:stone_sword":1,"minecraft:rotten_flesh":6,"minecraft:spruce_planks":21,"minecraft:stone_pickaxe":1,"minecraft:wooden_pickaxe":1},"minecraft:crafted":{"minecraft:redstone":90,"minecraft:coal":81,"minecraft:furnace":4,"minecraft:flint_and_steel":1,"minecraft:iron_boots":1,"minecraft:iron_axe":1,"minecraft:stone_pickaxe":2,"minecraft:spruce_boat":1,"minecraft:redstone_block":10,"minecraft:cooked_beef":8,"minecraft:coal_block":9,"minecraft:cooked_porkchop":6,"minecraft:crafting_table":2,"minecraft:spruce_planks":68,"minecraft:enchanting_table":1,"minecraft:wooden_pickaxe":1,"minecraft:iron_helmet":1,"minecraft:iron_sword":1,"minecraft:bucket":1,"minecraft:air":0,"minecraft:iron_chestplate":1,"minecraft:book":1,"minecraft:paper":3,"minecraft:diamond_pickaxe":1,"minecraft:shield":1,"minecraft:stick":16,"minecraft:iron_ingot":175,"minecraft:iron_pickaxe":1,"minecraft:wooden_axe":1,"minecraft:iron_block":11,"minecraft:stone_sword":1,"minecraft:iron_leggings":1,"minecraft:white_bed":1,"minecraft:torch":4,"minecraft:lapis_lazuli":108,"minecraft:lapis_block":12},"minecraft:mined":{"minecraft:tuff":28,"minecraft:white_bed":5,"minecraft:deepslate_diamond_ore":21,"minecraft:obsidian":15,"minecraft:spruce_leaves":9,"minecraft:oxeye_daisy":1,"minecraft:spawner":1,"minecraft:furnace":7,"minecraft:iron_ore":87,"minecraft:fire":5,"minecraft:andesite":4,"minecraft:deepslate_lapis_ore":20,"minecraft:enchanting_table":1,"minecraft:pointed_dripstone":23,"minecraft:deepslate_iron_ore":9,"minecraft:stone":60,"minecraft:deepslate_redstone_ore":16,"minecraft:crafting_table":12,"minecraft:torch":2,"minecraft:cobblestone":5,"minecraft:copper_ore":2,"minecraft:deepslate_gold_ore":44,"minecraft:lapis_ore":4,"minecraft:sugar_cane":7,"minecraft:diorite":1,"minecraft:wall_torch":1,"minecraft:sweet_berry_bush":5,"minecraft:spruce_log":17,"minecraft:grass":2,"minecraft:coal_ore":92,"minecraft:gravel":9,"minecraft:cobweb":1,"minecraft:gold_ore":1,"minecraft:deepslate":173,"minecraft:fern":1},"minecraft:killed":{"minecraft:spider":3,"minecraft:skeleton":19,"minecraft:chicken":1,"minecraft:pig":7,"minecraft:sheep":5,"minecraft:zombie":26,"minecraft:glow_squid":2,"minecraft:enderman":3,"minecraft:cow":4},"minecraft:custom":{"minecraft:mob_kills":70,"minecraft:interact_with_crafting_table":27,"minecraft:leave_game":1,"minecraft:time_since_death":92226,"minecraft:sprint_one_cm":271184,"minecraft:walk_one_cm":122514,"minecraft:damage_blocked_by_shield":1005,"minecraft:drop":21,"minecraft:play_time":92226,"minecraft:sneak_time":13311,"minecraft:walk_under_water_one_cm":8900,"minecraft:jump":2013,"minecraft:walk_on_water_one_cm":6128,"minecraft:enchant_item":1,"minecraft:total_world_time":92226,"minecraft:interact_with_furnace":35,"minecraft:sleep_in_bed":6,"minecraft:time_since_rest":29591,"minecraft:damage_taken":1639,"minecraft:damage_dealt":12112,"minecraft:swim_one_cm":4758,"minecraft:fly_one_cm":369375,"minecraft:open_chest":4,"minecraft:crouch_one_cm":35650,"minecraft:fall_one_cm":58248},"minecraft:picked_up":{"minecraft:crafting_table":12,"minecraft:chicken":1,"minecraft:string":12,"minecraft:raw_copper":6,"minecraft:cobbled_deepslate":179,"minecraft:spruce_planks":21,"minecraft:beef":4,"minecraft:sugar_cane":17,"minecraft:furnace":7,"minecraft:raw_iron":96,"minecraft:stick":1,"minecraft:torch":3,"minecraft:porkchop":12,"minecraft:pointed_dripstone":40,"minecraft:diorite":12,"minecraft:redstone":81,"minecraft:arrow":17,"minecraft:rotten_flesh":23,"minecraft:obsidian":14,"minecraft:mutton":4,"minecraft:white_wool":5,"minecraft:cobblestone":84,"minecraft:enchanting_table":1,"minecraft:feather":2,"minecraft:cooked_beef":3,"minecraft:glow_ink_sac":3,"minecraft:andesite":10,"minecraft:leather":5,"minecraft:flint":1,"minecraft:tuff":28,"minecraft:lapis_lazuli":141,"minecraft:cooked_mutton":4,"minecraft:bone":15,"minecraft:raw_gold":45,"minecraft:iron_ingot":6,"minecraft:stone_pickaxe":1,"minecraft:cooked_porkchop":3,"minecraft:sweet_berries":12,"minecraft:gravel":11,"minecraft:spruce_sapling":4,"minecraft:spruce_log":17,"minecraft:white_bed":5,"minecraft:grass_block":1,"minecraft:diamond":21,"minecraft:granite":3,"minecraft:bread":4,"minecraft:coal":93,"minecraft:ender_pearl":2},"minecraft:used":{"minecraft:enchanting_table":1,"minecraft:stone_sword":23,"minecraft:flint_and_steel":7,"minecraft:spruce_planks":11,"minecraft:shield":14,"minecraft:iron_sword":177,"minecraft:rotten_flesh":19,"minecraft:torch":16,"minecraft:mutton":4,"minecraft:wooden_axe":24,"minecraft:iron_axe":12,"minecraft:sweet_berries":12,"minecraft:furnace":7,"minecraft:cooked_beef":9,"minecraft:cobbled_deepslate":5,"minecraft:iron_leggings":1,"minecraft:water_bucket":34,"minecraft:diorite":10,"minecraft:stone_pickaxe":140,"minecraft:wooden_pickaxe":8,"minecraft:crafting_table":12,"minecraft:white_bed":5,"minecraft:diamond_pickaxe":235,"minecraft:chicken":1,"minecraft:bread":1,"minecraft:iron_pickaxe":233,"minecraft:gravel":7,"minecraft:cobblestone":47,"minecraft:cooked_porkchop":8,"minecraft:bucket":35}},"DataVersion":3337}