{"stats":{"minecraft:killed":{"minecraft:pig":6,"minecraft:spider":1,"minecraft:sheep":3,"minecraft:skeleton":17,"minecraft:zombie":12,"minecraft:chicken":1,"minecraft:glow_squid":2,"minecraft:enderman":1,"minecraft:cow":2},"minecraft:used":{"minecraft:water_bucket":22,"minecraft:diorite":10,"minecraft:stone_sword":23,"minecraft:stone_pickaxe":140,"minecraft:shield":9,"minecraft:spruce_planks":11,"minecraft:wooden_pickaxe":8,"minecraft:iron_sword":97,"minecraft:torch":9,"minecraft:mutton":4,"minecraft:crafting_table":10,"minecraft:white_bed":4,"minecraft:wooden_axe":24,"minecraft:iron_axe":7,"minecraft:chicken":1,"minecraft:iron_pickaxe":233,"minecraft:cobblestone":39,"minecraft:sweet_berries":12,"minecraft:furnace":7,"minecraft:cooked_porkchop":8,"minecraft:bucket":23,"minecraft:cooked_beef":7,"minecraft:iron_leggings":1},"minecraft:picked_up":{"minecraft:crafting_table":9,"minecraft:feather":2,"minecraft:chicken":1,"minecraft:glow_ink_sac":3,"minecraft:andesite":10,"minecraft:leather":2,"minecraft:lapis_lazuli":102,"minecraft:string":11,"minecraft:raw_copper":6,"minecraft:bone":14,"minecraft:cobbled_deepslate":39,"minecraft:raw_gold":17,"minecraft:iron_ingot":6,"minecraft:beef":4,"minecraft:stone_pickaxe":1,"minecraft:sugar_cane":17,"minecraft:furnace":3,"minecraft:stick":1,"minecraft:raw_iron":92,"minecraft:sweet_berries":12,"minecraft:torch":1,"minecraft:gravel":2,"minecraft:porkchop":12,"minecraft:pointed_dripstone":40,"minecraft:spruce_sapling":4,"minecraft:diorite":12,"minecraft:white_bed":3,"minecraft:spruce_log":17,"minecraft:redstone":81,"minecraft:diamond":12,"minecraft:arrow":15,"minecraft:rotten_flesh":6,"minecraft:granite":3,"minecraft:mutton":4,"minecraft:coal":93,"minecraft:white_wool":3,"minecraft:cobblestone":84,"minecraft:ender_pearl":1},"minecraft:crafted":{"minecraft:cooked_beef":8,"minecraft:coal_block":9,"minecraft:coal":9,"minecraft:cooked_porkchop":6,"minecraft:crafting_table":1,"minecraft:spruce_planks":68,"minecraft:wooden_pickaxe":1,"minecraft:iron_helmet":1,"minecraft:iron_sword":1,"minecraft:furnace":4,"minecraft:bucket":1,"minecraft:air":0,"minecraft:iron_boots":1,"minecraft:iron_chestplate":1,"minecraft:diamond_pickaxe":1,"minecraft:shield":1,"minecraft:iron_axe":1,"minecraft:stick":16,"minecraft:iron_ingot":76,"minecraft:iron_pickaxe":1,"minecraft:stone_pickaxe":2,"minecraft:wooden_axe":1,"minecraft:iron_block":11,"minecraft:stone_sword":1,"minecraft:iron_leggings":1,"minecraft:white_bed":1,"minecraft:spruce_boat":1,"minecraft:redstone_block":10,"minecraft:torch":4,"minecraft:lapis_block":12},"minecraft:dropped":{"minecraft:iron_ingot":11,"minecraft:lapis_lazuli":2,"minecraft:stone_sword":1,"minecraft:feather":2,"minecraft:rotten_flesh":6,"minecraft:coal":4,"minecraft:wooden_axe":1,"minecraft:stone_pickaxe":1,"minecraft:wooden_pickaxe":1,"minecraft:iron_pickaxe":1,"minecraft:redstone":7},"minecraft:custom":{"minecraft:interact_with_furnace":35,"minecraft:mob_kills":45,"minecraft:interact_with_crafting_table":22,"minecraft:time_since_death":54000,"minecraft:sleep_in_bed":5,"minecraft:time_since_rest":9636,"minecraft:sprint_one_cm":215799,"minecraft:damage_taken":1198,"minecraft:walk_one_cm":67660,"minecraft:damage_blocked_by_shield":615,"minecraft:drop":14,"minecraft:damage_dealt":7559,"minecraft:swim_one_cm":4406,"minecraft:fly_one_cm":263400,"minecraft:crouch_one_cm":23043,"minecraft:play_time":54000,"minecraft:sneak_time":7629,"minecraft:walk_under_water_one_cm":6355,"minecraft:jump":1397,"minecraft:walk_on_water_one_cm":4205,"minecraft:total_world_time":54000,"minecraft:fall_one_cm":41886},"minecraft:mined":{"minecraft:deepslate_redstone_ore":16,"minecraft:white_bed":3,"minecraft:deepslate_diamond_ore":12,"minecraft:crafting_table":9,"minecraft:torch":1,"minecraft:cobblestone":5,"minecraft:copper_ore":2,"minecraft:spruce_leaves":9,"minecraft:deepslate_gold_ore":17,"minecraft:lapis_ore":4,"minecraft:sugar_cane":7,"minecraft:diorite":1,"minecraft:spawner":1,"minecraft:furnace":3,"minecraft:iron_ore":87,"minecraft:sweet_berry_bush":5,"minecraft:spruce_log":17,"minecraft:andesite":4,"minecraft:deepslate_lapis_ore":14,"minecraft:grass":1,"minecraft:pointed_dripstone":23,"minecraft:coal_ore":92,"minecraft:deepslate_iron_ore":5,"minecraft:gravel":1,"minecraft:cobweb":1,"minecraft:stone":60,"minecraft:deepslate":35,"minecraft:fern":1}},"DataVersion":3337}