{"stats":{"minecraft:custom":{"minecraft:mob_kills":87,"minecraft:interact_with_crafting_table":31,"minecraft:leave_game":1,"minecraft:time_since_death":146226,"minecraft:sprint_one_cm":422814,"minecraft:walk_one_cm":254243,"minecraft:damage_blocked_by_shield":1125,"minecraft:drop":57,"minecraft:talked_to_villager":1,"minecraft:play_time":146226,"minecraft:sneak_time":17231,"minecraft:walk_under_water_one_cm":15971,"minecraft:jump":3348,"minecraft:walk_on_water_one_cm":15042,"minecraft:enchant_item":2,"minecraft:total_world_time":146226,"minecraft:interact_with_furnace":35,"minecraft:sleep_in_bed":8,"minecraft:time_since_rest":11150,"minecraft:damage_taken":2415,"minecraft:damage_dealt":15210,"minecraft:player_kills":1,"minecraft:fly_one_cm":673864,"minecraft:swim_one_cm":16746,"minecraft:open_chest":7,"minecraft:crouch_one_cm":45883,"minecraft:fall_one_cm":99078,"minecraft:horse_one_cm":4719},"minecraft:killed":{"minecraft:spider":6,"minecraft:skeleton":21,"minecraft:chicken":1,"minecraft:pig":8,"minecraft:iron_golem":1,"minecraft:sheep":9,"minecraft:zombie":29,"minecraft:glow_squid":2,"minecraft:enderman":3,"minecraft:cow":7},"minecraft:crafted":{"minecraft:redstone":90,"minecraft:coal":81,"minecraft:furnace":4,"minecraft:flint_and_steel":2,"minecraft:iron_boots":1,"minecraft:iron_axe":1,"minecraft:stone_pickaxe":2,"minecraft:spruce_boat":1,"minecraft:redstone_block":10,"minecraft:stone_hoe":1,"minecraft:cooked_beef":8,"minecraft:coal_block":9,"minecraft:cooked_porkchop":6,"minecraft:crafting_table":2,"minecraft:spruce_planks":68,"minecraft:enchanting_table":1,"minecraft:wooden_pickaxe":1,"minecraft:iron_helmet":1,"minecraft:iron_sword":2,"minecraft:bucket":2,"minecraft:air":0,"minecraft:iron_chestplate":1,"minecraft:book":1,"minecraft:paper":3,"minecraft:diamond_pickaxe":1,"minecraft:shield":1,"minecraft:stick":24,"minecraft:iron_ingot":175,"minecraft:iron_pickaxe":1,"minecraft:wooden_axe":1,"minecraft:iron_block":11,"minecraft:stone_sword":1,"minecraft:iron_leggings":1,"minecraft:white_bed":1,"minecraft:torch":8,"minecraft:lapis_lazuli":108,"minecraft:lapis_block":12},"minecraft:dropped":{"minecraft:iron_ingot":103,"minecraft:iron_sword":1,"minecraft:wheat_seeds":1,"minecraft:lapis_lazuli":231,"minecraft:oak_log":13,"minecraft:crafting_table":1,"minecraft:dripstone_block":1,"minecraft:cooked_porkchop":2,"minecraft:feather":2,"minecraft:iron_helmet":1,"minecraft:leather":9,"minecraft:granite":3,"minecraft:grass_block":1,"minecraft:coal":4,"minecraft:stick":2,"minecraft:lava_bucket":1,"minecraft:diorite":2,"minecraft:wooden_axe":1,"minecraft:iron_pickaxe":2,"minecraft:redstone":7,"minecraft:stone_sword":1,"minecraft:raw_copper":2,"minecraft:obsidian":10,"minecraft:pointed_dripstone":1,"minecraft:rotten_flesh":17,"minecraft:iron_boots":1,"minecraft:cooked_mutton":5,"minecraft:poppy":2,"minecraft:shield":1,"minecraft:spruce_planks":21,"minecraft:iron_chestplate":1,"minecraft:basalt":1,"minecraft:stone_pickaxe":2,"minecraft:wooden_pickaxe":1,"minecraft:netherrack":4},"minecraft:used":{"minecraft:enchanting_table":5,"minecraft:stone_sword":23,"minecraft:flint_and_steel":12,"minecraft:spruce_planks":11,"minecraft:shield":15,"minecraft:iron_sword":234,"minecraft:stone_hoe":15,"minecraft:rotten_flesh":19,"minecraft:torch":21,"minecraft:mutton":4,"minecraft:obsidian":10,"minecraft:wooden_axe":24,"minecraft:lava_bucket":27,"minecraft:iron_axe":24,"minecraft:sweet_berries":12,"minecraft:furnace":7,"minecraft:cooked_beef":13,"minecraft:cobbled_deepslate":41,"minecraft:iron_leggings":1,"minecraft:cooked_mutton":5,"minecraft:water_bucket":56,"minecraft:diorite":10,"minecraft:stone_pickaxe":140,"minecraft:wooden_pickaxe":8,"minecraft:crafting_table":16,"minecraft:white_bed":5,"minecraft:diamond_pickaxe":319,"minecraft:bread":4,"minecraft:chicken":1,"minecraft:iron_pickaxe":233,"minecraft:gravel":17,"minecraft:cobblestone":58,"minecraft:cooked_porkchop":11,"minecraft:bucket":85},"minecraft:mined":{"minecraft:tuff":31,"minecraft:white_bed":5,"minecraft:deepslate_diamond_ore":31,"minecraft:obsidian":25,"minecraft:grass_block":1,"minecraft:spruce_leaves":9,"minecraft:oxeye_daisy":1,"minecraft:spawner":1,"minecraft:hay_block":15,"minecraft:redstone_ore":3,"minecraft:furnace":7,"minecraft:cobbled_deepslate":4,"minecraft:iron_ore":93,"minecraft:fire":8,"minecraft:andesite":4,"minecraft:deepslate_lapis_ore":20,"minecraft:enchanting_table":4,"minecraft:pointed_dripstone":23,"minecraft:deepslate_iron_ore":10,"minecraft:stone":65,"minecraft:deepslate_redstone_ore":16,"minecraft:basalt":1,"minecraft:crafting_table":17,"minecraft:torch":2,"minecraft:cobblestone":9,"minecraft:copper_ore":2,"minecraft:tall_grass":2,"minecraft:deepslate_gold_ore":52,"minecraft:lapis_ore":8,"minecraft:oak_planks":2,"minecraft:sugar_cane":10,"minecraft:diorite":1,"minecraft:wall_torch":1,"minecraft:sweet_berry_bush":5,"minecraft:spruce_log":17,"minecraft:grass":10,"minecraft:coal_ore":92,"minecraft:dirt":3,"minecraft:gravel":19,"minecraft:dripstone_block":1,"minecraft:cobweb":1,"minecraft:netherrack":2,"minecraft:gold_ore":2,"minecraft:deepslate":191,"minecraft:fern":2},"minecraft:picked_up":{"minecraft:crafting_table":17,"minecraft:iron_chestplate":1,"minecraft:chicken":1,"minecraft:shield":1,"minecraft:string":15,"minecraft:raw_copper":8,"minecraft:cobbled_deepslate":222,"minecraft:spruce_planks":21,"minecraft:beef":4,"minecraft:poppy":2,"minecraft:iron_pickaxe":1,"minecraft:sugar_cane":24,"minecraft:furnace":7,"minecraft:iron_boots":1,"minecraft:stick":1,"minecraft:raw_iron":103,"minecraft:torch":4,"minecraft:porkchop":12,"minecraft:pointed_dripstone":41,"minecraft:diorite":12,"minecraft:redstone":96,"minecraft:arrow":19,"minecraft:rotten_flesh":35,"minecraft:hay_block":15,"minecraft:obsidian":24,"minecraft:mutton":4,"minecraft:white_wool":9,"minecraft:cobblestone":95,"minecraft:enchanting_table":4,"minecraft:cooked_beef":7,"minecraft:feather":2,"minecraft:basalt":1,"minecraft:glow_ink_sac":3,"minecraft:andesite":10,"minecraft:leather":17,"minecraft:flint":2,"minecraft:tuff":31,"minecraft:oak_log":13,"minecraft:lapis_lazuli":229,"minecraft:dirt":19,"minecraft:cooked_mutton":11,"minecraft:bone":15,"minecraft:wheat_seeds":2,"minecraft:raw_gold":54,"minecraft:iron_ingot":45,"minecraft:stone_pickaxe":2,"minecraft:oak_planks":2,"minecraft:cooked_porkchop":5,"minecraft:sweet_berries":12,"minecraft:gravel":34,"minecraft:dripstone_block":1,"minecraft:lava_bucket":1,"minecraft:spruce_sapling":4,"minecraft:grass_block":1,"minecraft:white_bed":5,"minecraft:spruce_log":17,"minecraft:spider_eye":2,"minecraft:diamond":31,"minecraft:iron_helmet":1,"minecraft:granite":3,"minecraft:bread":4,"minecraft:netherrack":4,"minecraft:coal":95,"minecraft:ender_pearl":2}},"DataVersion":3337}