{"stats":{"minecraft:mined":{"minecraft:deepslate_redstone_ore":16,"minecraft:tuff":18,"minecraft:white_bed":5,"minecraft:deepslate_diamond_ore":21,"minecraft:obsidian":15,"minecraft:crafting_table":11,"minecraft:torch":2,"minecraft:copper_ore":2,"minecraft:cobblestone":5,"minecraft:spruce_leaves":9,"minecraft:lapis_ore":4,"minecraft:deepslate_gold_ore":38,"minecraft:sugar_cane":7,"minecraft:diorite":1,"minecraft:wall_torch":1,"minecraft:spawner":1,"minecraft:furnace":7,"minecraft:iron_ore":87,"minecraft:sweet_berry_bush":5,"minecraft:spruce_log":17,"minecraft:andesite":4,"minecraft:deepslate_lapis_ore":14,"minecraft:enchanting_table":1,"minecraft:grass":1,"minecraft:pointed_dripstone":23,"minecraft:coal_ore":92,"minecraft:deepslate_iron_ore":8,"minecraft:gravel":2,"minecraft:cobweb":1,"minecraft:stone":60,"minecraft:deepslate":147,"minecraft:fern":1},"minecraft:dropped":{"minecraft:iron_ingot":11,"minecraft:lapis_lazuli":2,"minecraft:stone_sword":1,"minecraft:crafting_table":1,"minecraft:feather":2,"minecraft:rotten_flesh":6,"minecraft:leather":1,"minecraft:coal":4,"minecraft:stick":2,"minecraft:diorite":2,"minecraft:spruce_planks":21,"minecraft:wooden_axe":1,"minecraft:stone_pickaxe":1,"minecraft:wooden_pickaxe":1,"minecraft:iron_pickaxe":1,"minecraft:redstone":7},"minecraft:killed":{"minecraft:pig":6,"minecraft:spider":3,"minecraft:skeleton":19,"minecraft:sheep":3,"minecraft:zombie":25,"minecraft:chicken":1,"minecraft:glow_squid":2,"minecraft:enderman":2,"minecraft:cow":2},"minecraft:picked_up":{"minecraft:enchanting_table":1,"minecraft:crafting_table":11,"minecraft:feather":2,"minecraft:chicken":1,"minecraft:glow_ink_sac":3,"minecraft:andesite":10,"minecraft:leather":2,"minecraft:tuff":18,"minecraft:lapis_lazuli":105,"minecraft:string":12,"minecraft:raw_copper":6,"minecraft:bone":15,"minecraft:cobbled_deepslate":153,"minecraft:raw_gold":38,"minecraft:spruce_planks":21,"minecraft:stone_pickaxe":1,"minecraft:iron_ingot":6,"minecraft:beef":4,"minecraft:sugar_cane":17,"minecraft:furnace":7,"minecraft:stick":1,"minecraft:raw_iron":95,"minecraft:sweet_berries":12,"minecraft:torch":3,"minecraft:gravel":5,"minecraft:porkchop":12,"minecraft:spruce_sapling":4,"minecraft:pointed_dripstone":40,"minecraft:diorite":12,"minecraft:white_bed":5,"minecraft:spruce_log":17,"minecraft:redstone":81,"minecraft:arrow":17,"minecraft:rotten_flesh":23,"minecraft:diamond":21,"minecraft:granite":3,"minecraft:obsidian":14,"minecraft:mutton":4,"minecraft:coal":93,"minecraft:white_wool":3,"minecraft:cobblestone":84,"minecraft:ender_pearl":1},"minecraft:crafted":{"minecraft:cooked_beef":8,"minecraft:coal_block":9,"minecraft:coal":9,"minecraft:cooked_porkchop":6,"minecraft:crafting_table":2,"minecraft:spruce_planks":68,"minecraft:enchanting_table":1,"minecraft:wooden_pickaxe":1,"minecraft:iron_helmet":1,"minecraft:iron_sword":1,"minecraft:furnace":4,"minecraft:bucket":1,"minecraft:air":0,"minecraft:book":1,"minecraft:iron_chestplate":1,"minecraft:iron_boots":1,"minecraft:paper":3,"minecraft:diamond_pickaxe":1,"minecraft:shield":1,"minecraft:iron_axe":1,"minecraft:stick":16,"minecraft:iron_ingot":76,"minecraft:iron_pickaxe":1,"minecraft:stone_pickaxe":2,"minecraft:wooden_axe":1,"minecraft:stone_sword":1,"minecraft:iron_block":11,"minecraft:iron_leggings":1,"minecraft:white_bed":1,"minecraft:spruce_boat":1,"minecraft:redstone_block":10,"minecraft:torch":4,"minecraft:lapis_block":12},"minecraft:used":{"minecraft:water_bucket":32,"minecraft:diorite":10,"minecraft:enchanting_table":1,"minecraft:stone_sword":23,"minecraft:stone_pickaxe":140,"minecraft:wooden_pickaxe":8,"minecraft:spruce_planks":11,"minecraft:shield":14,"minecraft:iron_sword":159,"minecraft:rotten_flesh":19,"minecraft:torch":16,"minecraft:mutton":4,"minecraft:crafting_table":11,"minecraft:white_bed":5,"minecraft:wooden_axe":24,"minecraft:diamond_pickaxe":185,"minecraft:iron_axe":9,"minecraft:chicken":1,"minecraft:iron_pickaxe":233,"minecraft:cobblestone":47,"minecraft:sweet_berries":12,"minecraft:furnace":7,"minecraft:cooked_porkchop":8,"minecraft:bucket":33,"minecraft:cooked_beef":7,"minecraft:iron_leggings":1},"minecraft:custom":{"minecraft:interact_with_furnace":35,"minecraft:mob_kills":63,"minecraft:interact_with_crafting_table":25,"minecraft:leave_game":1,"minecraft:time_since_death":74226,"minecraft:sleep_in_bed":6,"minecraft:time_since_rest":11591,"minecraft:sprint_one_cm":251483,"minecraft:damage_taken":1573,"minecraft:walk_one_cm":96673,"minecraft:damage_blocked_by_shield":1005,"minecraft:drop":19,"minecraft:damage_dealt":11274,"minecraft:swim_one_cm":4483,"minecraft:fly_one_cm":333963,"minecraft:open_chest":4,"minecraft:crouch_one_cm":33281,"minecraft:play_time":74226,"minecraft:sneak_time":12344,"minecraft:walk_under_water_one_cm":7570,"minecraft:jump":1827,"minecraft:walk_on_water_one_cm":5626,"minecraft:enchant_item":1,"minecraft:total_world_time":74226,"minecraft:fall_one_cm":55125}},"DataVersion":3337}