{"stats":{"minecraft:custom":{"minecraft:mob_kills":115,"minecraft:interact_with_crafting_table":36,"minecraft:leave_game":1,"minecraft:time_since_death":44767,"minecraft:climb_one_cm":926,"minecraft:sprint_one_cm":649370,"minecraft:walk_one_cm":403586,"minecraft:damage_blocked_by_shield":1375,"minecraft:drop":75,"minecraft:talked_to_villager":1,"minecraft:play_time":242226,"minecraft:deaths":6,"minecraft:sneak_time":29001,"minecraft:walk_under_water_one_cm":16067,"minecraft:jump":5512,"minecraft:walk_on_water_one_cm":16426,"minecraft:enchant_item":2,"minecraft:total_world_time":242226,"minecraft:interact_with_furnace":35,"minecraft:sleep_in_bed":10,"minecraft:time_since_rest":5446,"minecraft:damage_taken":8937,"minecraft:damage_dealt":20482,"minecraft:player_kills":1,"minecraft:swim_one_cm":16746,"minecraft:fly_one_cm":1018504,"minecraft:open_chest":18,"minecraft:crouch_one_cm":76527,"minecraft:aviate_one_cm":142028,"minecraft:fall_one_cm":216647,"minecraft:horse_one_cm":5495},"minecraft:killed":{"minecraft:spider":8,"minecraft:skeleton":24,"minecraft:chicken":1,"minecraft:piglin":7,"minecraft:pig":8,"minecraft:iron_golem":1,"minecraft:hoglin":5,"minecraft:creeper":1,"minecraft:sheep":9,"minecraft:zombie":39,"minecraft:glow_squid":2,"minecraft:enderman":4,"minecraft:cow":7},"minecraft:crafted":{"minecraft:redstone":90,"minecraft:coal":81,"minecraft:furnace":4,"minecraft:flint_and_steel":2,"minecraft:iron_boots":1,"minecraft:iron_axe":1,"minecraft:stone_pickaxe":2,"minecraft:spruce_boat":1,"minecraft:redstone_block":10,"minecraft:stone_hoe":1,"minecraft:gray_bed":1,"minecraft:cooked_beef":8,"minecraft:coal_block":9,"minecraft:cooked_porkchop":6,"minecraft:crafting_table":3,"minecraft:spruce_planks":68,"minecraft:enchanting_table":1,"minecraft:wooden_pickaxe":1,"minecraft:iron_helmet":1,"minecraft:iron_sword":2,"minecraft:bucket":2,"minecraft:air":0,"minecraft:iron_chestplate":1,"minecraft:book":1,"minecraft:paper":3,"minecraft:diamond_pickaxe":1,"minecraft:shield":1,"minecraft:stick":24,"minecraft:iron_ingot":175,"minecraft:iron_pickaxe":1,"minecraft:wooden_axe":1,"minecraft:iron_block":11,"minecraft:stone_sword":1,"minecraft:iron_leggings":1,"minecraft:gold_ingot":9,"minecraft:white_bed":3,"minecraft:torch":8,"minecraft:lapis_lazuli":108,"minecraft:lapis_block":12},"minecraft:killed_by":{"minecraft:player":1},"minecraft:dropped":{"minecraft:water_bucket":2,"minecraft:iron_ingot":103,"minecraft:iron_sword":1,"minecraft:wheat_seeds":4,"minecraft:lapis_lazuli":231,"minecraft:oak_log":13,"minecraft:diamond":1,"minecraft:crafting_table":1,"minecraft:dripstone_block":1,"minecraft:cooked_porkchop":5,"minecraft:feather":2,"minecraft:iron_helmet":1,"minecraft:leather":10,"minecraft:granite":3,"minecraft:elytra":1,"minecraft:grass_block":1,"minecraft:coal":4,"minecraft:red_mushroom":1,"minecraft:stick":2,"minecraft:lava_bucket":1,"minecraft:diorite":2,"minecraft:wooden_axe":1,"minecraft:iron_pickaxe":2,"minecraft:gold_ingot":1,"minecraft:redstone":7,"minecraft:blackstone":3,"minecraft:stone_sword":1,"minecraft:raw_copper":2,"minecraft:obsidian":10,"minecraft:pointed_dripstone":1,"minecraft:rotten_flesh":17,"minecraft:iron_boots":1,"minecraft:cooked_mutton":5,"minecraft:white_bed":1,"minecraft:poppy":2,"minecraft:shield":2,"minecraft:spruce_planks":21,"minecraft:iron_chestplate":1,"minecraft:basalt":5,"minecraft:wooden_pickaxe":2,"minecraft:stone_pickaxe":2,"minecraft:netherrack":4},"minecraft:used":{"minecraft:enchanting_table":5,"minecraft:stone_sword":23,"minecraft:flint_and_steel":12,"minecraft:elytra":2,"minecraft:spruce_planks":11,"minecraft:shield":18,"minecraft:iron_sword":330,"minecraft:stone_hoe":15,"minecraft:rotten_flesh":23,"minecraft:netherrack":97,"minecraft:iron_chestplate":3,"minecraft:torch":29,"minecraft:dirt":4,"minecraft:soul_sand":1,"minecraft:mutton":4,"minecraft:obsidian":10,"minecraft:wooden_axe":24,"minecraft:lava_bucket":33,"minecraft:iron_axe":61,"minecraft:iron_helmet":1,"minecraft:iron_boots":1,"minecraft:sweet_berries":12,"minecraft:furnace":7,"minecraft:gray_bed":2,"minecraft:cooked_beef":15,"minecraft:cobbled_deepslate":57,"minecraft:pointed_dripstone":3,"minecraft:iron_leggings":2,"minecraft:cooked_mutton":6,"minecraft:water_bucket":68,"minecraft:diorite":10,"minecraft:stone_pickaxe":140,"minecraft:wooden_pickaxe":8,"minecraft:crafting_table":22,"minecraft:white_bed":9,"minecraft:diamond_pickaxe":814,"minecraft:firework_rocket":128,"minecraft:bread":19,"minecraft:chicken":1,"minecraft:iron_pickaxe":233,"minecraft:deepslate":85,"minecraft:gravel":17,"minecraft:cobblestone":58,"minecraft:cooked_porkchop":20,"minecraft:bucket":103},"minecraft:picked_up":{"minecraft:iron_chestplate":5,"minecraft:crafting_table":23,"minecraft:chicken":1,"minecraft:wooden_pickaxe":1,"minecraft:shield":6,"minecraft:elytra":2,"minecraft:iron_axe":4,"minecraft:string":16,"minecraft:soul_soil":3,"minecraft:raw_copper":12,"minecraft:flint_and_steel":2,"minecraft:iron_leggings":4,"minecraft:blackstone":131,"minecraft:gold_nugget":135,"minecraft:cobbled_deepslate":238,"minecraft:spruce_planks":21,"minecraft:beef":4,"minecraft:poppy":2,"minecraft:iron_pickaxe":1,"minecraft:sugar_cane":24,"minecraft:furnace":7,"minecraft:iron_boots":5,"minecraft:stick":1,"minecraft:raw_iron":136,"minecraft:torch":67,"minecraft:porkchop":12,"minecraft:pointed_dripstone":80,"minecraft:diorite":12,"minecraft:redstone":105,"minecraft:dark_oak_planks":13,"minecraft:arrow":23,"minecraft:rotten_flesh":43,"minecraft:hay_block":15,"minecraft:mutton":4,"minecraft:obsidian":156,"minecraft:white_wool":9,"minecraft:cobblestone":158,"minecraft:enchanting_table":9,"minecraft:cooked_beef":7,"minecraft:feather":2,"minecraft:basalt":5,"minecraft:water_bucket":4,"minecraft:glow_ink_sac":3,"minecraft:andesite":10,"minecraft:leather":20,"minecraft:red_mushroom":1,"minecraft:filled_map":3,"minecraft:flint":4,"minecraft:tuff":31,"minecraft:oak_log":17,"minecraft:ancient_debris":9,"minecraft:lapis_lazuli":345,"minecraft:dirt":23,"minecraft:cooked_mutton":11,"minecraft:bone":17,"minecraft:wheat_seeds":6,"minecraft:raw_gold":75,"minecraft:iron_ingot":233,"minecraft:stone_pickaxe":2,"minecraft:gray_bed":1,"minecraft:iron_sword":4,"minecraft:soul_sand":5,"minecraft:oak_planks":2,"minecraft:warped_fungus":3,"minecraft:cooked_porkchop":17,"minecraft:sweet_berries":12,"minecraft:gravel":44,"minecraft:dripstone_block":3,"minecraft:lava_bucket":5,"minecraft:spruce_sapling":4,"minecraft:spruce_log":17,"minecraft:white_bed":7,"minecraft:grass_block":1,"minecraft:spider_eye":3,"minecraft:firework_rocket":128,"minecraft:deepslate":491,"minecraft:diamond":117,"minecraft:iron_helmet":5,"minecraft:granite":3,"minecraft:golden_apple":8,"minecraft:gray_wool":3,"minecraft:diamond_pickaxe":4,"minecraft:bread":51,"minecraft:netherrack":255,"minecraft:coal":135,"minecraft:crimson_roots":2,"minecraft:ender_pearl":6},"minecraft:mined":{"minecraft:dark_oak_planks":15,"minecraft:nether_gold_ore":37,"minecraft:tuff":31,"minecraft:white_bed":6,"minecraft:deepslate_diamond_ore":39,"minecraft:obsidian":28,"minecraft:grass_block":4,"minecraft:crimson_roots":4,"minecraft:soul_soil":3,"minecraft:spruce_leaves":9,"minecraft:oxeye_daisy":1,"minecraft:spawner":1,"minecraft:hay_block":15,"minecraft:redstone_ore":5,"minecraft:furnace":7,"minecraft:cobbled_deepslate":4,"minecraft:iron_ore":115,"minecraft:fire":43,"minecraft:andesite":4,"minecraft:deepslate_lapis_ore":26,"minecraft:enchanting_table":4,"minecraft:pointed_dripstone":39,"minecraft:deepslate_iron_ore":21,"minecraft:stone":124,"minecraft:deepslate_redstone_ore":16,"minecraft:blackstone":3,"minecraft:soul_sand":5,"minecraft:basalt":5,"minecraft:crafting_table":23,"minecraft:torch":2,"minecraft:cobblestone":9,"minecraft:tall_grass":4,"minecraft:copper_ore":4,"minecraft:deepslate_gold_ore":67,"minecraft:lapis_ore":15,"minecraft:sugar_cane":10,"minecraft:oak_planks":2,"minecraft:sculk":19,"minecraft:diorite":1,"minecraft:wall_torch":1,"minecraft:gray_wool":3,"minecraft:sweet_berry_bush":5,"minecraft:gray_bed":1,"minecraft:spruce_log":17,"minecraft:warped_fungus":4,"minecraft:grass":22,"minecraft:oak_log":5,"minecraft:coal_ore":132,"minecraft:gravel":19,"minecraft:dripstone_block":1,"minecraft:dirt":4,"minecraft:cobweb":1,"minecraft:ancient_debris":2,"minecraft:netherrack":240,"minecraft:oak_leaves":2,"minecraft:gold_ore":8,"minecraft:deepslate":203,"minecraft:fern":2},"minecraft:broken":{"minecraft:iron_helmet":1}},"DataVersion":3337}