{"stats":{"minecraft:killed":{"minecraft:pig":6,"minecraft:spider":1,"minecraft:sheep":3,"minecraft:skeleton":7,"minecraft:zombie":9,"minecraft:chicken":1,"minecraft:glow_squid":2,"minecraft:enderman":1,"minecraft:cow":2},"minecraft:used":{"minecraft:water_bucket":4,"minecraft:diorite":10,"minecraft:stone_sword":23,"minecraft:stone_pickaxe":140,"minecraft:shield":2,"minecraft:spruce_planks":11,"minecraft:wooden_pickaxe":8,"minecraft:iron_sword":44,"minecraft:mutton":4,"minecraft:crafting_table":7,"minecraft:white_bed":3,"minecraft:wooden_axe":24,"minecraft:iron_axe":5,"minecraft:chicken":1,"minecraft:iron_pickaxe":68,"minecraft:cobblestone":27,"minecraft:sweet_berries":12,"minecraft:furnace":3,"minecraft:cooked_porkchop":5,"minecraft:bucket":5,"minecraft:cooked_beef":3,"minecraft:iron_leggings":1},"minecraft:picked_up":{"minecraft:crafting_table":7,"minecraft:feather":2,"minecraft:chicken":1,"minecraft:glow_ink_sac":3,"minecraft:andesite":5,"minecraft:leather":2,"minecraft:lapis_lazuli":16,"minecraft:string":2,"minecraft:raw_copper":6,"minecraft:bone":6,"minecraft:beef":4,"minecraft:stone_pickaxe":1,"minecraft:sugar_cane":17,"minecraft:furnace":3,"minecraft:stick":1,"minecraft:raw_iron":71,"minecraft:sweet_berries":12,"minecraft:gravel":2,"minecraft:porkchop":12,"minecraft:spruce_sapling":4,"minecraft:diorite":10,"minecraft:white_bed":3,"minecraft:spruce_log":17,"minecraft:arrow":7,"minecraft:rotten_flesh":6,"minecraft:mutton":4,"minecraft:coal":75,"minecraft:white_wool":3,"minecraft:cobblestone":74,"minecraft:ender_pearl":1},"minecraft:crafted":{"minecraft:cooked_beef":8,"minecraft:cooked_porkchop":6,"minecraft:crafting_table":1,"minecraft:spruce_planks":68,"minecraft:wooden_pickaxe":1,"minecraft:iron_helmet":1,"minecraft:iron_sword":1,"minecraft:furnace":2,"minecraft:bucket":1,"minecraft:air":0,"minecraft:iron_boots":1,"minecraft:iron_chestplate":1,"minecraft:shield":1,"minecraft:iron_axe":1,"minecraft:stick":12,"minecraft:iron_ingot":41,"minecraft:iron_pickaxe":1,"minecraft:stone_pickaxe":2,"minecraft:wooden_axe":1,"minecraft:stone_sword":1,"minecraft:iron_leggings":1,"minecraft:white_bed":1,"minecraft:spruce_boat":1},"minecraft:dropped":{"minecraft:stone_sword":1,"minecraft:feather":2,"minecraft:wooden_axe":1,"minecraft:stone_pickaxe":1,"minecraft:wooden_pickaxe":1},"minecraft:custom":{"minecraft:interact_with_furnace":29,"minecraft:mob_kills":32,"minecraft:interact_with_crafting_table":10,"minecraft:time_since_death":36000,"minecraft:sleep_in_bed":4,"minecraft:time_since_rest":4920,"minecraft:sprint_one_cm":127554,"minecraft:damage_taken":763,"minecraft:walk_one_cm":43047,"minecraft:damage_blocked_by_shield":150,"minecraft:drop":6,"minecraft:damage_dealt":4966,"minecraft:swim_one_cm":3666,"minecraft:fly_one_cm":206145,"minecraft:crouch_one_cm":13843,"minecraft:play_time":36000,"minecraft:sneak_time":4801,"minecraft:walk_under_water_one_cm":3711,"minecraft:jump":981,"minecraft:walk_on_water_one_cm":1641,"minecraft:total_world_time":36000,"minecraft:fall_one_cm":27678},"minecraft:mined":{"minecraft:white_bed":3,"minecraft:crafting_table":7,"minecraft:cobblestone":5,"minecraft:copper_ore":2,"minecraft:spruce_leaves":9,"minecraft:lapis_ore":3,"minecraft:sugar_cane":7,"minecraft:furnace":3,"minecraft:iron_ore":72,"minecraft:sweet_berry_bush":5,"minecraft:spruce_log":17,"minecraft:andesite":1,"minecraft:grass":1,"minecraft:coal_ore":74,"minecraft:gravel":1,"minecraft:stone":56,"minecraft:fern":1}},"DataVersion":3337}