{"stats":{"minecraft:dropped":{"minecraft:iron_ingot":11,"minecraft:iron_sword":1,"minecraft:lapis_lazuli":194,"minecraft:oak_log":13,"minecraft:crafting_table":1,"minecraft:cooked_porkchop":1,"minecraft:iron_helmet":1,"minecraft:feather":2,"minecraft:leather":9,"minecraft:grass_block":1,"minecraft:coal":4,"minecraft:stick":2,"minecraft:diorite":2,"minecraft:wooden_axe":1,"minecraft:iron_pickaxe":2,"minecraft:redstone":7,"minecraft:stone_sword":1,"minecraft:rotten_flesh":17,"minecraft:iron_boots":1,"minecraft:poppy":2,"minecraft:shield":1,"minecraft:spruce_planks":21,"minecraft:stone_pickaxe":1,"minecraft:wooden_pickaxe":1},"minecraft:crafted":{"minecraft:redstone":90,"minecraft:coal":81,"minecraft:furnace":4,"minecraft:flint_and_steel":1,"minecraft:iron_boots":1,"minecraft:iron_axe":1,"minecraft:stone_pickaxe":2,"minecraft:spruce_boat":1,"minecraft:redstone_block":10,"minecraft:stone_hoe":1,"minecraft:cooked_beef":8,"minecraft:coal_block":9,"minecraft:cooked_porkchop":6,"minecraft:crafting_table":2,"minecraft:spruce_planks":68,"minecraft:enchanting_table":1,"minecraft:wooden_pickaxe":1,"minecraft:iron_helmet":1,"minecraft:iron_sword":2,"minecraft:bucket":2,"minecraft:air":0,"minecraft:iron_chestplate":1,"minecraft:book":1,"minecraft:paper":3,"minecraft:diamond_pickaxe":1,"minecraft:shield":1,"minecraft:stick":20,"minecraft:iron_ingot":175,"minecraft:iron_pickaxe":1,"minecraft:wooden_axe":1,"minecraft:iron_block":11,"minecraft:stone_sword":1,"minecraft:iron_leggings":1,"minecraft:white_bed":1,"minecraft:torch":8,"minecraft:lapis_lazuli":108,"minecraft:lapis_block":12},"minecraft:mined":{"minecraft:tuff":28,"minecraft:white_bed":5,"minecraft:deepslate_diamond_ore":21,"minecraft:obsidian":15,"minecraft:spruce_leaves":9,"minecraft:oxeye_daisy":1,"minecraft:spawner":1,"minecraft:hay_block":15,"minecraft:furnace":7,"minecraft:cobbled_deepslate":1,"minecraft:iron_ore":87,"minecraft:fire":5,"minecraft:andesite":4,"minecraft:deepslate_lapis_ore":20,"minecraft:enchanting_table":2,"minecraft:pointed_dripstone":23,"minecraft:deepslate_iron_ore":9,"minecraft:stone":60,"minecraft:deepslate_redstone_ore":16,"minecraft:crafting_table":16,"minecraft:torch":2,"minecraft:cobblestone":5,"minecraft:copper_ore":2,"minecraft:deepslate_gold_ore":44,"minecraft:lapis_ore":4,"minecraft:sugar_cane":10,"minecraft:diorite":1,"minecraft:wall_torch":1,"minecraft:sweet_berry_bush":5,"minecraft:spruce_log":17,"minecraft:grass":4,"minecraft:coal_ore":92,"minecraft:gravel":9,"minecraft:cobweb":1,"minecraft:gold_ore":1,"minecraft:deepslate":173,"minecraft:fern":2},"minecraft:killed":{"minecraft:spider":3,"minecraft:skeleton":19,"minecraft:chicken":1,"minecraft:pig":8,"minecraft:iron_golem":1,"minecraft:sheep":6,"minecraft:zombie":26,"minecraft:glow_squid":2,"minecraft:enderman":3,"minecraft:cow":5},"minecraft:custom":{"minecraft:mob_kills":74,"minecraft:interact_with_crafting_table":31,"minecraft:leave_game":1,"minecraft:time_since_death":104226,"minecraft:sprint_one_cm":309492,"minecraft:walk_one_cm":150115,"minecraft:damage_blocked_by_shield":1005,"minecraft:drop":33,"minecraft:talked_to_villager":1,"minecraft:play_time":104226,"minecraft:sneak_time":13639,"minecraft:walk_under_water_one_cm":9268,"minecraft:jump":2386,"minecraft:walk_on_water_one_cm":7765,"minecraft:enchant_item":2,"minecraft:total_world_time":104226,"minecraft:interact_with_furnace":35,"minecraft:sleep_in_bed":7,"minecraft:time_since_rest":1921,"minecraft:damage_taken":1836,"minecraft:damage_dealt":13483,"minecraft:player_kills":1,"minecraft:swim_one_cm":16746,"minecraft:fly_one_cm":471138,"minecraft:open_chest":4,"minecraft:crouch_one_cm":36310,"minecraft:fall_one_cm":67486},"minecraft:picked_up":{"minecraft:crafting_table":16,"minecraft:chicken":1,"minecraft:shield":1,"minecraft:string":12,"minecraft:raw_copper":6,"minecraft:cobbled_deepslate":180,"minecraft:spruce_planks":21,"minecraft:beef":4,"minecraft:iron_pickaxe":1,"minecraft:poppy":2,"minecraft:sugar_cane":24,"minecraft:iron_boots":1,"minecraft:furnace":7,"minecraft:raw_iron":96,"minecraft:stick":1,"minecraft:torch":3,"minecraft:porkchop":12,"minecraft:pointed_dripstone":40,"minecraft:diorite":12,"minecraft:redstone":81,"minecraft:arrow":17,"minecraft:rotten_flesh":34,"minecraft:hay_block":15,"minecraft:obsidian":14,"minecraft:mutton":4,"minecraft:white_wool":6,"minecraft:cobblestone":84,"minecraft:enchanting_table":2,"minecraft:feather":2,"minecraft:cooked_beef":4,"minecraft:glow_ink_sac":3,"minecraft:andesite":10,"minecraft:leather":15,"minecraft:flint":1,"minecraft:tuff":28,"minecraft:oak_log":13,"minecraft:lapis_lazuli":205,"minecraft:cooked_mutton":5,"minecraft:bone":15,"minecraft:raw_gold":45,"minecraft:iron_ingot":17,"minecraft:stone_pickaxe":1,"minecraft:cooked_porkchop":5,"minecraft:sweet_berries":12,"minecraft:gravel":11,"minecraft:spruce_sapling":4,"minecraft:spruce_log":17,"minecraft:white_bed":5,"minecraft:grass_block":1,"minecraft:diamond":21,"minecraft:iron_helmet":1,"minecraft:granite":3,"minecraft:bread":4,"minecraft:coal":95,"minecraft:ender_pearl":2},"minecraft:used":{"minecraft:enchanting_table":2,"minecraft:stone_sword":23,"minecraft:flint_and_steel":7,"minecraft:spruce_planks":11,"minecraft:shield":14,"minecraft:iron_sword":200,"minecraft:stone_hoe":15,"minecraft:rotten_flesh":19,"minecraft:torch":16,"minecraft:mutton":4,"minecraft:wooden_axe":24,"minecraft:lava_bucket":9,"minecraft:iron_axe":17,"minecraft:sweet_berries":12,"minecraft:furnace":7,"minecraft:cooked_beef":11,"minecraft:cobbled_deepslate":14,"minecraft:iron_leggings":1,"minecraft:water_bucket":34,"minecraft:diorite":10,"minecraft:stone_pickaxe":140,"minecraft:wooden_pickaxe":8,"minecraft:crafting_table":16,"minecraft:white_bed":5,"minecraft:diamond_pickaxe":237,"minecraft:chicken":1,"minecraft:bread":4,"minecraft:iron_pickaxe":233,"minecraft:gravel":7,"minecraft:cobblestone":47,"minecraft:cooked_porkchop":8,"minecraft:bucket":45}},"DataVersion":3337}