{"stats":{"minecraft:killed":{"minecraft:pig":6,"minecraft:spider":1,"minecraft:sheep":3,"minecraft:skeleton":3,"minecraft:zombie":1,"minecraft:chicken":1,"minecraft:cow":2},"minecraft:used":{"minecraft:diorite":10,"minecraft:stone_sword":23,"minecraft:stone_pickaxe":121,"minecraft:spruce_planks":11,"minecraft:wooden_pickaxe":8,"minecraft:mutton":4,"minecraft:crafting_table":4,"minecraft:white_bed":2,"minecraft:wooden_axe":23,"minecraft:chicken":1,"minecraft:cobblestone":22,"minecraft:sweet_berries":12,"minecraft:furnace":2,"minecraft:cooked_porkchop":3,"minecraft:cooked_beef":1,"minecraft:iron_leggings":1},"minecraft:picked_up":{"minecraft:crafting_table":4,"minecraft:feather":2,"minecraft:chicken":1,"minecraft:andesite":5,"minecraft:leather":2,"minecraft:string":2,"minecraft:raw_copper":6,"minecraft:bone":2,"minecraft:beef":4,"minecraft:stone_pickaxe":1,"minecraft:sugar_cane":17,"minecraft:furnace":2,"minecraft:stick":1,"minecraft:raw_iron":34,"minecraft:sweet_berries":12,"minecraft:gravel":1,"minecraft:porkchop":12,"minecraft:spruce_sapling":4,"minecraft:diorite":10,"minecraft:white_bed":2,"minecraft:spruce_log":17,"minecraft:arrow":2,"minecraft:mutton":4,"minecraft:coal":45,"minecraft:white_wool":3,"minecraft:cobblestone":52},"minecraft:crafted":{"minecraft:cooked_beef":8,"minecraft:cooked_porkchop":6,"minecraft:crafting_table":1,"minecraft:spruce_planks":68,"minecraft:wooden_pickaxe":1,"minecraft:furnace":2,"minecraft:air":0,"minecraft:stick":12,"minecraft:iron_ingot":10,"minecraft:stone_pickaxe":2,"minecraft:wooden_axe":1,"minecraft:stone_sword":1,"minecraft:iron_leggings":1,"minecraft:white_bed":1},"minecraft:dropped":{"minecraft:feather":2,"minecraft:wooden_pickaxe":1},"minecraft:custom":{"minecraft:interact_with_furnace":19,"minecraft:mob_kills":17,"minecraft:interact_with_crafting_table":5,"minecraft:time_since_death":24000,"minecraft:sleep_in_bed":2,"minecraft:time_since_rest":12377,"minecraft:sprint_one_cm":82703,"minecraft:damage_taken":425,"minecraft:walk_one_cm":28359,"minecraft:drop":3,"minecraft:damage_dealt":2210,"minecraft:fly_one_cm":139850,"minecraft:crouch_one_cm":10033,"minecraft:play_time":24000,"minecraft:sneak_time":3653,"minecraft:walk_under_water_one_cm":1884,"minecraft:jump":628,"minecraft:walk_on_water_one_cm":926,"minecraft:total_world_time":24000,"minecraft:fall_one_cm":17627},"minecraft:mined":{"minecraft:white_bed":2,"minecraft:crafting_table":4,"minecraft:cobblestone":4,"minecraft:copper_ore":2,"minecraft:spruce_leaves":9,"minecraft:sugar_cane":7,"minecraft:furnace":2,"minecraft:iron_ore":34,"minecraft:sweet_berry_bush":5,"minecraft:spruce_log":17,"minecraft:andesite":1,"minecraft:grass":1,"minecraft:coal_ore":44,"minecraft:gravel":1,"minecraft:stone":42,"minecraft:fern":1}},"DataVersion":3337}