{"stats":{"minecraft:dropped":{"minecraft:bread":4,"minecraft:diamond":1,"minecraft:golden_apple":1,"minecraft:stick":1,"minecraft:stone_sword":1,"minecraft:iron_boots":1,"minecraft:diamond_sword":3,"minecraft:shield":1,"minecraft:diamond_pickaxe":2,"minecraft:iron_chestplate":1},"minecraft:broken":{"minecraft:stone_pickaxe":1,"minecraft:iron_pickaxe":3},"minecraft:crafted":{"minecraft:oak_planks":52,"minecraft:furnace":7,"minecraft:flint_and_steel":1,"minecraft:iron_boots":1,"minecraft:diamond_helmet":2,"minecraft:diamond_leggings":1,"minecraft:bow":1,"minecraft:iron_axe":1,"minecraft:stone_pickaxe":2,"minecraft:chest":2,"minecraft:diamond_boots":2,"minecraft:wheat":234,"minecraft:diamond_sword":3,"minecraft:cooked_porkchop":9,"minecraft:crafting_table":15,"minecraft:spruce_planks":48,"minecraft:wooden_pickaxe":1,"minecraft:iron_sword":1,"minecraft:bucket":3,"minecraft:bread":78,"minecraft:air":0,"minecraft:iron_chestplate":1,"minecraft:diamond_pickaxe":3,"minecraft:shield":3,"minecraft:stick":48,"minecraft:iron_ingot":42,"minecraft:iron_pickaxe":7,"minecraft:stone_sword":2,"minecraft:iron_leggings":1,"minecraft:torch":28,"minecraft:diamond_chestplate":2},"minecraft:mined":{"minecraft:diamond_ore":32,"minecraft:tuff":30,"minecraft:spruce_planks":3,"minecraft:white_bed":3,"minecraft:deepslate_diamond_ore":26,"minecraft:obsidian":12,"minecraft:granite":167,"minecraft:grass_block":33,"minecraft:spruce_leaves":11,"minecraft:spawner":2,"minecraft:hay_block":28,"minecraft:furnace":2,"minecraft:iron_ore":35,"minecraft:cobbled_deepslate":1,"minecraft:andesite":108,"minecraft:deepslate_lapis_ore":3,"minecraft:pointed_dripstone":9,"minecraft:dirt_path":11,"minecraft:deepslate_iron_ore":11,"minecraft:rail":1,"minecraft:stone":1073,"minecraft:crafting_table":1,"minecraft:torch":1,"minecraft:blast_furnace":2,"minecraft:tall_grass":1,"minecraft:copper_ore":10,"minecraft:cobblestone":28,"minecraft:deepslate_gold_ore":1,"minecraft:oak_planks":2,"minecraft:diorite":123,"minecraft:wall_torch":1,"minecraft:blue_bed":4,"minecraft:spruce_log":20,"minecraft:birch_leaves":4,"minecraft:grass":14,"minecraft:oak_log":36,"minecraft:coal_ore":30,"minecraft:gravel":30,"minecraft:dripstone_block":2,"minecraft:dirt":77,"minecraft:cobweb":12,"minecraft:smooth_basalt":5,"minecraft:netherrack":281,"minecraft:ancient_debris":6,"minecraft:gold_ore":1,"minecraft:oak_leaves":8,"minecraft:fern":3,"minecraft:deepslate":259},"minecraft:killed":{"minecraft:cave_spider":2,"minecraft:witch":1,"minecraft:spider":5,"minecraft:skeleton":20,"minecraft:chicken":1,"minecraft:drowned":1,"minecraft:pig":7,"minecraft:zombie_villager":1,"minecraft:iron_golem":3,"minecraft:creeper":2,"minecraft:sheep":1,"minecraft:zombie":18,"minecraft:glow_squid":1,"minecraft:enderman":1,"minecraft:cow":4},"minecraft:custom":{"minecraft:mob_kills":69,"minecraft:interact_with_crafting_table":54,"minecraft:leave_game":10,"minecraft:time_since_death":108321,"minecraft:sprint_one_cm":652860,"minecraft:walk_one_cm":413447,"minecraft:damage_blocked_by_shield":1065,"minecraft:drop":16,"minecraft:talked_to_villager":5,"minecraft:play_time":311194,"minecraft:deaths":2,"minecraft:sneak_time":33630,"minecraft:walk_under_water_one_cm":17839,"minecraft:jump":4219,"minecraft:interact_with_blast_furnace":6,"minecraft:walk_on_water_one_cm":21951,"minecraft:total_world_time":311194,"minecraft:interact_with_furnace":36,"minecraft:sleep_in_bed":8,"minecraft:time_since_rest":11609,"minecraft:damage_taken":3668,"minecraft:damage_absorbed":40,"minecraft:damage_dealt":12718,"minecraft:swim_one_cm":47538,"minecraft:fly_one_cm":702480,"minecraft:open_chest":23,"minecraft:crouch_one_cm":45512,"minecraft:fall_one_cm":109725,"minecraft:horse_one_cm":2162},"minecraft:picked_up":{"minecraft:crafting_table":1,"minecraft:chicken":1,"minecraft:diamond_sword":2,"minecraft:string":14,"minecraft:raw_copper":37,"minecraft:cobbled_deepslate":252,"minecraft:spruce_planks":45,"minecraft:beef":5,"minecraft:birch_sapling":1,"minecraft:furnace":2,"minecraft:stick":1,"minecraft:raw_iron":44,"minecraft:torch":3,"minecraft:porkchop":10,"minecraft:pointed_dripstone":11,"minecraft:diorite":123,"minecraft:stone_sword":1,"minecraft:arrow":21,"minecraft:rotten_flesh":18,"minecraft:hay_block":27,"minecraft:mutton":1,"minecraft:obsidian":12,"minecraft:cobblestone":1086,"minecraft:white_wool":1,"minecraft:feather":1,"minecraft:glow_ink_sac":3,"minecraft:andesite":108,"minecraft:leather":1,"minecraft:potato":1,"minecraft:flint":7,"minecraft:tuff":30,"minecraft:oak_log":36,"minecraft:ancient_debris":6,"minecraft:gunpowder":1,"minecraft:lapis_lazuli":19,"minecraft:dirt":120,"minecraft:blue_bed":4,"minecraft:bone":22,"minecraft:bow":2,"minecraft:wheat_seeds":2,"minecraft:raw_gold":2,"minecraft:iron_ingot":15,"minecraft:oak_planks":2,"minecraft:smooth_basalt":5,"minecraft:cooked_porkchop":2,"minecraft:dripstone_block":1,"minecraft:gravel":23,"minecraft:spruce_sapling":1,"minecraft:blast_furnace":2,"minecraft:grass_block":1,"minecraft:white_bed":3,"minecraft:spruce_log":18,"minecraft:spider_eye":4,"minecraft:diamond":57,"minecraft:granite":166,"minecraft:netherrack":274,"minecraft:coal":75,"minecraft:ender_pearl":1,"minecraft:diamond_pickaxe":1},"minecraft:killed_by":{"minecraft:zombie":1},"minecraft:used":{"minecraft:stone_sword":27,"minecraft:flint_and_steel":1,"minecraft:chest":2,"minecraft:shield":35,"minecraft:iron_sword":208,"minecraft:netherrack":11,"minecraft:torch":28,"minecraft:dirt":31,"minecraft:mutton":1,"minecraft:granite":18,"minecraft:obsidian":10,"minecraft:lava_bucket":2,"minecraft:iron_axe":33,"minecraft:bow":14,"minecraft:furnace":7,"minecraft:cobbled_deepslate":20,"minecraft:water_bucket":43,"minecraft:diorite":36,"minecraft:stone_pickaxe":182,"minecraft:wooden_pickaxe":14,"minecraft:blue_bed":4,"minecraft:golden_apple":1,"minecraft:crafting_table":16,"minecraft:blast_furnace":1,"minecraft:white_bed":2,"minecraft:diamond_pickaxe":1069,"minecraft:chicken":1,"minecraft:bread":60,"minecraft:iron_pickaxe":1119,"minecraft:diamond_sword":48,"minecraft:cobblestone":284,"minecraft:cooked_porkchop":11,"minecraft:andesite":16,"minecraft:bucket":47}},"DataVersion":3337}