{"stats":{"minecraft:picked_up":{"minecraft:crafting_table":1,"minecraft:andesite":80,"minecraft:leather":1,"minecraft:tuff":30,"minecraft:lapis_lazuli":19,"minecraft:blue_bed":4,"minecraft:dirt":41,"minecraft:raw_copper":3,"minecraft:bone":14,"minecraft:bow":2,"minecraft:wheat_seeds":1,"minecraft:cobbled_deepslate":59,"minecraft:beef":5,"minecraft:iron_ingot":5,"minecraft:birch_sapling":1,"minecraft:furnace":2,"minecraft:raw_iron":23,"minecraft:smooth_basalt":5,"minecraft:torch":2,"minecraft:gravel":1,"minecraft:porkchop":9,"minecraft:pointed_dripstone":3,"minecraft:spruce_sapling":1,"minecraft:diorite":41,"minecraft:spruce_log":18,"minecraft:arrow":13,"minecraft:rotten_flesh":5,"minecraft:diamond":8,"minecraft:hay_block":14,"minecraft:granite":134,"minecraft:coal":26,"minecraft:cobblestone":385},"minecraft:crafted":{"minecraft:cooked_porkchop":9,"minecraft:crafting_table":5,"minecraft:spruce_planks":48,"minecraft:wooden_pickaxe":1,"minecraft:iron_sword":1,"minecraft:furnace":4,"minecraft:bread":42,"minecraft:air":0,"minecraft:bow":1,"minecraft:diamond_helmet":1,"minecraft:iron_boots":1,"minecraft:iron_chestplate":1,"minecraft:diamond_pickaxe":1,"minecraft:shield":1,"minecraft:stick":16,"minecraft:iron_ingot":19,"minecraft:iron_pickaxe":1,"minecraft:stone_pickaxe":1,"minecraft:stone_sword":2,"minecraft:iron_leggings":1,"minecraft:torch":12,"minecraft:wheat":126},"minecraft:mined":{"minecraft:diamond_ore":8,"minecraft:tuff":30,"minecraft:crafting_table":1,"minecraft:granite":135,"minecraft:grass_block":7,"minecraft:tall_grass":1,"minecraft:copper_ore":1,"minecraft:cobblestone":3,"minecraft:spruce_leaves":11,"minecraft:diorite":41,"minecraft:blue_bed":4,"minecraft:wall_torch":1,"minecraft:spawner":1,"minecraft:hay_block":14,"minecraft:furnace":2,"minecraft:iron_ore":18,"minecraft:spruce_log":20,"minecraft:birch_leaves":4,"minecraft:andesite":80,"minecraft:deepslate_lapis_ore":3,"minecraft:grass":1,"minecraft:pointed_dripstone":2,"minecraft:coal_ore":26,"minecraft:dirt_path":1,"minecraft:deepslate_iron_ore":5,"minecraft:gravel":1,"minecraft:dirt":33,"minecraft:smooth_basalt":5,"minecraft:stone":382,"minecraft:oak_leaves":4,"minecraft:deepslate":59,"minecraft:fern":3},"minecraft:custom":{"minecraft:interact_with_furnace":26,"minecraft:mob_kills":26,"minecraft:interact_with_crafting_table":21,"minecraft:leave_game":6,"minecraft:time_since_death":85845,"minecraft:sleep_in_bed":2,"minecraft:time_since_rest":6344,"minecraft:sprint_one_cm":180768,"minecraft:damage_absorbed":40,"minecraft:damage_taken":1316,"minecraft:walk_one_cm":133147,"minecraft:damage_blocked_by_shield":450,"minecraft:damage_dealt":4108,"minecraft:swim_one_cm":120,"minecraft:fly_one_cm":183942,"minecraft:open_chest":13,"minecraft:crouch_one_cm":10631,"minecraft:play_time":92843,"minecraft:deaths":1,"minecraft:sneak_time":7711,"minecraft:walk_under_water_one_cm":164,"minecraft:jump":1252,"minecraft:walk_on_water_one_cm":2086,"minecraft:total_world_time":92843,"minecraft:fall_one_cm":26316},"minecraft:used":{"minecraft:diorite":32,"minecraft:stone_sword":27,"minecraft:stone_pickaxe":131,"minecraft:shield":16,"minecraft:wooden_pickaxe":14,"minecraft:iron_sword":67,"minecraft:blue_bed":3,"minecraft:golden_apple":1,"minecraft:torch":14,"minecraft:dirt":3,"minecraft:crafting_table":6,"minecraft:granite":18,"minecraft:diamond_pickaxe":491,"minecraft:bread":6,"minecraft:iron_pickaxe":223,"minecraft:bow":2,"minecraft:cobblestone":132,"minecraft:furnace":4,"minecraft:cooked_porkchop":9,"minecraft:andesite":16},"minecraft:broken":{"minecraft:stone_pickaxe":1,"minecraft:iron_pickaxe":1},"minecraft:killed":{"minecraft:pig":6,"minecraft:iron_golem":1,"minecraft:skeleton":10,"minecraft:zombie":5,"minecraft:cow":3},"minecraft:killed_by":{"minecraft:zombie":1}},"DataVersion":3337}