{"stats":{"minecraft:custom":{"minecraft:mob_kills":93,"minecraft:interact_with_crafting_table":75,"minecraft:leave_game":11,"minecraft:time_since_death":35629,"minecraft:damage_resisted":2,"minecraft:sprint_one_cm":1080237,"minecraft:walk_one_cm":685160,"minecraft:damage_blocked_by_shield":2035,"minecraft:drop":136,"minecraft:talked_to_villager":9,"minecraft:play_time":455476,"minecraft:deaths":6,"minecraft:sneak_time":39832,"minecraft:walk_under_water_one_cm":21366,"minecraft:jump":7300,"minecraft:interact_with_blast_furnace":6,"minecraft:walk_on_water_one_cm":36977,"minecraft:enchant_item":6,"minecraft:total_world_time":455476,"minecraft:interact_with_furnace":40,"minecraft:traded_with_villager":2,"minecraft:interact_with_cartography_table":5,"minecraft:sleep_in_bed":11,"minecraft:time_since_rest":35656,"minecraft:damage_taken":7641,"minecraft:damage_absorbed":48,"minecraft:damage_dealt":17644,"minecraft:player_kills":1,"minecraft:swim_one_cm":92933,"minecraft:fly_one_cm":1289378,"minecraft:open_chest":45,"minecraft:crouch_one_cm":59974,"minecraft:fall_one_cm":198860,"minecraft:horse_one_cm":2162},"minecraft:killed":{"minecraft:cave_spider":5,"minecraft:witch":1,"minecraft:spider":7,"minecraft:skeleton":24,"minecraft:chicken":2,"minecraft:drowned":1,"minecraft:piglin":2,"minecraft:pig":8,"minecraft:zombie_villager":1,"minecraft:iron_golem":3,"minecraft:hoglin":1,"minecraft:creeper":2,"minecraft:sheep":4,"minecraft:zombie":20,"minecraft:glow_squid":1,"minecraft:enderman":2,"minecraft:cow":5},"minecraft:crafted":{"minecraft:oak_planks":96,"minecraft:furnace":7,"minecraft:flint_and_steel":1,"minecraft:diamond_helmet":2,"minecraft:diamond_leggings":1,"minecraft:bow":1,"minecraft:iron_boots":2,"minecraft:iron_axe":1,"minecraft:stone_pickaxe":2,"minecraft:chest":2,"minecraft:diamond_boots":2,"minecraft:wheat":558,"minecraft:diamond_sword":3,"minecraft:emerald":2,"minecraft:cooked_porkchop":9,"minecraft:crafting_table":19,"minecraft:spruce_planks":48,"minecraft:wooden_pickaxe":2,"minecraft:iron_helmet":2,"minecraft:iron_sword":2,"minecraft:bucket":3,"minecraft:bread":186,"minecraft:air":0,"minecraft:iron_chestplate":2,"minecraft:diamond_pickaxe":4,"minecraft:shield":4,"minecraft:stick":60,"minecraft:iron_ingot":43,"minecraft:iron_pickaxe":9,"minecraft:stone_sword":2,"minecraft:iron_leggings":1,"minecraft:gold_ingot":46,"minecraft:torch":28,"minecraft:diamond_chestplate":2},"minecraft:killed_by":{"minecraft:zombie":1},"minecraft:dropped":{"minecraft:water_bucket":1,"minecraft:bread":58,"minecraft:iron_ingot":5,"minecraft:wheat_seeds":8,"minecraft:lapis_lazuli":76,"minecraft:diamond":1,"minecraft:feather":1,"minecraft:cobblestone":1,"minecraft:grass_block":1,"minecraft:golden_apple":1,"minecraft:flint":1,"minecraft:stick":1,"minecraft:lava_bucket":1,"minecraft:dirt":1,"minecraft:iron_axe":1,"minecraft:gold_ingot":7,"minecraft:bone":1,"minecraft:redstone":8,"minecraft:gravel":12,"minecraft:stone_sword":1,"minecraft:cobbled_deepslate":6,"minecraft:obsidian":1,"minecraft:rotten_flesh":6,"minecraft:iron_boots":1,"minecraft:name_tag":1,"minecraft:flint_and_steel":1,"minecraft:filled_map":4,"minecraft:diamond_sword":3,"minecraft:shield":1,"minecraft:spruce_planks":1,"minecraft:diamond_pickaxe":3,"minecraft:iron_chestplate":2,"minecraft:spider_eye":3,"minecraft:wooden_pickaxe":1},"minecraft:used":{"minecraft:stone_sword":27,"minecraft:flint_and_steel":1,"minecraft:chest":2,"minecraft:shield":57,"minecraft:iron_sword":282,"minecraft:netherrack":130,"minecraft:iron_chestplate":1,"minecraft:torch":28,"minecraft:dirt":47,"minecraft:mutton":4,"minecraft:carrot":4,"minecraft:granite":18,"minecraft:obsidian":29,"minecraft:lava_bucket":3,"minecraft:iron_axe":33,"minecraft:iron_helmet":1,"minecraft:iron_boots":1,"minecraft:bow":14,"minecraft:furnace":7,"minecraft:potato":1,"minecraft:enchanted_golden_apple":1,"minecraft:cobbled_deepslate":65,"minecraft:iron_leggings":1,"minecraft:pointed_dripstone":1,"minecraft:cooked_mutton":3,"minecraft:water_bucket":47,"minecraft:diorite":36,"minecraft:oak_planks":11,"minecraft:stone_pickaxe":182,"minecraft:wooden_pickaxe":18,"minecraft:blue_bed":4,"minecraft:golden_apple":1,"minecraft:crafting_table":20,"minecraft:blast_furnace":1,"minecraft:white_bed":5,"minecraft:dripstone_block":3,"minecraft:diamond_pickaxe":1679,"minecraft:melon_slice":16,"minecraft:bread":91,"minecraft:chicken":1,"minecraft:map":3,"minecraft:iron_pickaxe":1516,"minecraft:gravel":17,"minecraft:diamond_sword":102,"minecraft:potion":1,"minecraft:cobblestone":307,"minecraft:cooked_porkchop":15,"minecraft:porkchop":2,"minecraft:bucket":53,"minecraft:andesite":16},"minecraft:picked_up":{"minecraft:iron_chestplate":3,"minecraft:crafting_table":1,"minecraft:chicken":1,"minecraft:wooden_pickaxe":1,"minecraft:diamond_sword":2,"minecraft:potion":2,"minecraft:brewing_stand":1,"minecraft:shield":2,"minecraft:string":17,"minecraft:raw_copper":40,"minecraft:flint_and_steel":1,"minecraft:iron_leggings":2,"minecraft:blackstone":10,"minecraft:gold_nugget":485,"minecraft:cobbled_deepslate":286,"minecraft:spruce_planks":45,"minecraft:beef":6,"minecraft:enchanted_golden_apple":2,"minecraft:melon_slice":128,"minecraft:birch_sapling":1,"minecraft:iron_boots":2,"minecraft:furnace":2,"minecraft:stick":3,"minecraft:raw_iron":44,"minecraft:torch":3,"minecraft:porkchop":12,"minecraft:pointed_dripstone":12,"minecraft:diorite":123,"minecraft:carrot":4,"minecraft:redstone":8,"minecraft:stone_sword":2,"minecraft:arrow":25,"minecraft:rotten_flesh":21,"minecraft:hay_block":63,"minecraft:gold_ingot":7,"minecraft:mutton":4,"minecraft:obsidian":46,"minecraft:cobblestone":1375,"minecraft:white_wool":2,"minecraft:stripped_oak_log":4,"minecraft:feather":1,"minecraft:glow_ink_sac":3,"minecraft:water_bucket":2,"minecraft:andesite":123,"minecraft:leather":3,"minecraft:filled_map":1,"minecraft:potato":1,"minecraft:flint":9,"minecraft:tuff":30,"minecraft:oak_log":43,"minecraft:ancient_debris":8,"minecraft:gunpowder":1,"minecraft:dirt":143,"minecraft:lapis_lazuli":107,"minecraft:blue_bed":4,"minecraft:name_tag":1,"minecraft:cooked_mutton":3,"minecraft:bone":25,"minecraft:bow":2,"minecraft:wheat_seeds":10,"minecraft:raw_gold":2,"minecraft:iron_ingot":64,"minecraft:iron_sword":4,"minecraft:soul_sand":3,"minecraft:oak_planks":14,"minecraft:warped_fungus":1,"minecraft:smooth_basalt":5,"minecraft:cooked_porkchop":6,"minecraft:dandelion":3,"minecraft:quartz":15,"minecraft:warped_wart_block":4,"minecraft:dripstone_block":4,"minecraft:gravel":49,"minecraft:lava_bucket":1,"minecraft:spruce_sapling":1,"minecraft:blast_furnace":3,"minecraft:spruce_log":18,"minecraft:white_bed":6,"minecraft:grass_block":2,"minecraft:spectral_arrow":15,"minecraft:spider_eye":5,"minecraft:diamond":71,"minecraft:iron_helmet":2,"minecraft:granite":181,"minecraft:bread":4,"minecraft:diamond_pickaxe":4,"minecraft:netherrack":1877,"minecraft:coal":119,"minecraft:crimson_roots":1,"minecraft:ender_pearl":2},"minecraft:mined":{"minecraft:nether_gold_ore":18,"minecraft:diamond_ore":33,"minecraft:tuff":30,"minecraft:spruce_planks":3,"minecraft:white_bed":5,"minecraft:deepslate_diamond_ore":29,"minecraft:brewing_stand":1,"minecraft:obsidian":12,"minecraft:allium":1,"minecraft:granite":182,"minecraft:grass_block":43,"minecraft:crimson_roots":1,"minecraft:spruce_leaves":15,"minecraft:spawner":3,"minecraft:hay_block":65,"minecraft:furnace":2,"minecraft:carrots":1,"minecraft:iron_ore":35,"minecraft:cobbled_deepslate":8,"minecraft:andesite":123,"minecraft:deepslate_lapis_ore":3,"minecraft:enchanting_table":1,"minecraft:pointed_dripstone":9,"minecraft:dirt_path":11,"minecraft:deepslate_iron_ore":11,"minecraft:rail":1,"minecraft:stripped_oak_log":4,"minecraft:stone":1315,"minecraft:crimson_nylium":2,"minecraft:dandelion":2,"minecraft:crafting_table":1,"minecraft:torch":1,"minecraft:blast_furnace":3,"minecraft:tall_grass":10,"minecraft:nether_quartz_ore":4,"minecraft:copper_ore":11,"minecraft:cobblestone":38,"minecraft:deepslate_gold_ore":1,"minecraft:oak_planks":3,"minecraft:diorite":123,"minecraft:blue_bed":4,"minecraft:wall_torch":1,"minecraft:warped_wart_block":3,"minecraft:wheat":1,"minecraft:spruce_log":20,"minecraft:birch_leaves":4,"minecraft:grass":49,"minecraft:coal_ore":33,"minecraft:oak_log":43,"minecraft:gravel":40,"minecraft:dripstone_block":5,"minecraft:dirt":93,"minecraft:cobweb":14,"minecraft:smooth_basalt":5,"minecraft:netherrack":908,"minecraft:ancient_debris":7,"minecraft:gold_ore":1,"minecraft:oak_leaves":9,"minecraft:fern":4,"minecraft:deepslate":291},"minecraft:broken":{"minecraft:stone_pickaxe":1,"minecraft:iron_pickaxe":4}},"DataVersion":3337}