{"stats":{"minecraft:killed_by":{"minecraft:zombie":1},"minecraft:mined":{"minecraft:diamond_ore":17,"minecraft:tuff":30,"minecraft:white_bed":1,"minecraft:deepslate_diamond_ore":6,"minecraft:crafting_table":1,"minecraft:granite":139,"minecraft:blast_furnace":2,"minecraft:grass_block":8,"minecraft:tall_grass":1,"minecraft:copper_ore":3,"minecraft:cobblestone":17,"minecraft:spruce_leaves":11,"minecraft:deepslate_gold_ore":1,"minecraft:diorite":52,"minecraft:blue_bed":4,"minecraft:wall_torch":1,"minecraft:spawner":1,"minecraft:hay_block":15,"minecraft:furnace":2,"minecraft:iron_ore":31,"minecraft:spruce_log":20,"minecraft:andesite":101,"minecraft:birch_leaves":4,"minecraft:deepslate_lapis_ore":3,"minecraft:grass":6,"minecraft:oak_log":32,"minecraft:pointed_dripstone":3,"minecraft:coal_ore":26,"minecraft:dirt_path":2,"minecraft:deepslate_iron_ore":5,"minecraft:gravel":12,"minecraft:dirt":35,"minecraft:smooth_basalt":5,"minecraft:stone":578,"minecraft:gold_ore":1,"minecraft:oak_leaves":8,"minecraft:deepslate":108,"minecraft:fern":3},"minecraft:killed":{"minecraft:pig":7,"minecraft:witch":1,"minecraft:iron_golem":2,"minecraft:skeleton":12,"minecraft:zombie":8,"minecraft:glow_squid":1,"minecraft:cow":4},"minecraft:picked_up":{"minecraft:crafting_table":1,"minecraft:glow_ink_sac":3,"minecraft:andesite":101,"minecraft:leather":1,"minecraft:flint":6,"minecraft:tuff":30,"minecraft:oak_log":32,"minecraft:lapis_lazuli":19,"minecraft:blue_bed":4,"minecraft:dirt":45,"minecraft:raw_copper":11,"minecraft:bone":14,"minecraft:bow":2,"minecraft:wheat_seeds":1,"minecraft:cobbled_deepslate":107,"minecraft:raw_gold":2,"minecraft:iron_ingot":10,"minecraft:beef":5,"minecraft:birch_sapling":1,"minecraft:furnace":2,"minecraft:raw_iron":34,"minecraft:smooth_basalt":5,"minecraft:torch":2,"minecraft:gravel":6,"minecraft:porkchop":10,"minecraft:blast_furnace":2,"minecraft:pointed_dripstone":4,"minecraft:spruce_sapling":1,"minecraft:diorite":52,"minecraft:white_bed":1,"minecraft:spruce_log":18,"minecraft:arrow":15,"minecraft:rotten_flesh":7,"minecraft:diamond":22,"minecraft:hay_block":15,"minecraft:granite":138,"minecraft:coal":26,"minecraft:cobblestone":590},"minecraft:crafted":{"minecraft:oak_planks":20,"minecraft:cooked_porkchop":9,"minecraft:crafting_table":7,"minecraft:spruce_planks":48,"minecraft:wooden_pickaxe":1,"minecraft:iron_sword":1,"minecraft:furnace":4,"minecraft:bucket":2,"minecraft:bread":42,"minecraft:air":0,"minecraft:flint_and_steel":1,"minecraft:diamond_helmet":1,"minecraft:bow":1,"minecraft:iron_chestplate":1,"minecraft:iron_boots":1,"minecraft:diamond_pickaxe":1,"minecraft:shield":1,"minecraft:iron_axe":1,"minecraft:stick":24,"minecraft:iron_ingot":33,"minecraft:iron_pickaxe":3,"minecraft:stone_pickaxe":1,"minecraft:stone_sword":2,"minecraft:chest":1,"minecraft:iron_leggings":1,"minecraft:torch":20,"minecraft:diamond_chestplate":1,"minecraft:wheat":126},"minecraft:broken":{"minecraft:stone_pickaxe":1,"minecraft:iron_pickaxe":1},"minecraft:used":{"minecraft:water_bucket":22,"minecraft:diorite":32,"minecraft:stone_sword":27,"minecraft:stone_pickaxe":131,"minecraft:chest":1,"minecraft:shield":27,"minecraft:wooden_pickaxe":14,"minecraft:iron_sword":122,"minecraft:blue_bed":4,"minecraft:torch":15,"minecraft:golden_apple":1,"minecraft:dirt":3,"minecraft:crafting_table":8,"minecraft:blast_furnace":1,"minecraft:granite":18,"minecraft:diamond_pickaxe":659,"minecraft:lava_bucket":1,"minecraft:iron_axe":29,"minecraft:bread":24,"minecraft:iron_pickaxe":404,"minecraft:bow":6,"minecraft:cobblestone":228,"minecraft:furnace":4,"minecraft:cooked_porkchop":9,"minecraft:bucket":25,"minecraft:andesite":16},"minecraft:custom":{"minecraft:interact_with_furnace":26,"minecraft:mob_kills":38,"minecraft:interact_with_crafting_table":31,"minecraft:leave_game":8,"minecraft:time_since_death":145798,"minecraft:sleep_in_bed":4,"minecraft:time_since_rest":23416,"minecraft:sprint_one_cm":315745,"minecraft:damage_absorbed":40,"minecraft:damage_taken":1938,"minecraft:walk_one_cm":190077,"minecraft:damage_blocked_by_shield":830,"minecraft:damage_dealt":6617,"minecraft:swim_one_cm":24551,"minecraft:talked_to_villager":5,"minecraft:fly_one_cm":423321,"minecraft:open_chest":18,"minecraft:crouch_one_cm":15487,"minecraft:play_time":152796,"minecraft:deaths":1,"minecraft:sneak_time":11515,"minecraft:walk_under_water_one_cm":14336,"minecraft:jump":2467,"minecraft:interact_with_blast_furnace":6,"minecraft:walk_on_water_one_cm":14907,"minecraft:total_world_time":152796,"minecraft:fall_one_cm":61256}},"DataVersion":3337}