{"stats":{"minecraft:mined":{"minecraft:diamond_ore":4,"minecraft:iron_ore":4,"minecraft:spruce_log":13,"minecraft:andesite":17,"minecraft:granite":48,"minecraft:grass_block":2,"minecraft:coal_ore":8,"minecraft:dirt":13,"minecraft:spruce_leaves":8,"minecraft:stone":227,"minecraft:diorite":13},"minecraft:used":{"minecraft:diorite":5,"minecraft:stone_pickaxe":131,"minecraft:iron_pickaxe":214,"minecraft:wooden_pickaxe":14,"minecraft:cobblestone":65,"minecraft:crafting_table":2,"minecraft:furnace":1,"minecraft:granite":1},"minecraft:killed":{"minecraft:zombie":1},"minecraft:custom":{"minecraft:time_since_rest":21700,"minecraft:interact_with_furnace":3,"minecraft:sprint_one_cm":17633,"minecraft:damage_taken":455,"minecraft:walk_one_cm":20964,"minecraft:mob_kills":1,"minecraft:damage_dealt":201,"minecraft:swim_one_cm":120,"minecraft:interact_with_crafting_table":5,"minecraft:fly_one_cm":32340,"minecraft:crouch_one_cm":1122,"minecraft:play_time":28668,"minecraft:deaths":1,"minecraft:sneak_time":1896,"minecraft:walk_under_water_one_cm":164,"minecraft:jump":309,"minecraft:leave_game":4,"minecraft:walk_on_water_one_cm":2086,"minecraft:time_since_death":21670,"minecraft:total_world_time":28668,"minecraft:fall_one_cm":6828},"minecraft:crafted":{"minecraft:crafting_table":2,"minecraft:spruce_planks":20,"minecraft:stick":8,"minecraft:wooden_pickaxe":1,"minecraft:iron_ingot":3,"minecraft:iron_pickaxe":1,"minecraft:stone_pickaxe":1,"minecraft:furnace":1,"minecraft:air":0},"minecraft:killed_by":{"minecraft:zombie":1},"minecraft:picked_up":{"minecraft:raw_iron":4,"minecraft:andesite":17,"minecraft:spruce_sapling":1,"minecraft:diorite":13,"minecraft:spruce_log":11,"minecraft:dirt":15,"minecraft:rotten_flesh":2,"minecraft:diamond":4,"minecraft:granite":47,"minecraft:coal":8,"minecraft:cobblestone":227},"minecraft:broken":{"minecraft:stone_pickaxe":1}},"DataVersion":3337}