{"stats":{"minecraft:dropped":{"minecraft:stick":1,"minecraft:diamond_pickaxe":1},"minecraft:crafted":{"minecraft:oak_planks":36,"minecraft:diamond_sword":1,"minecraft:cooked_porkchop":9,"minecraft:crafting_table":8,"minecraft:spruce_planks":48,"minecraft:wooden_pickaxe":1,"minecraft:iron_sword":1,"minecraft:furnace":4,"minecraft:bucket":2,"minecraft:bread":42,"minecraft:air":0,"minecraft:flint_and_steel":1,"minecraft:bow":1,"minecraft:diamond_helmet":1,"minecraft:iron_chestplate":1,"minecraft:diamond_leggings":1,"minecraft:iron_boots":1,"minecraft:diamond_pickaxe":1,"minecraft:shield":1,"minecraft:iron_axe":1,"minecraft:stick":28,"minecraft:iron_ingot":33,"minecraft:iron_pickaxe":3,"minecraft:stone_pickaxe":1,"minecraft:stone_sword":2,"minecraft:chest":2,"minecraft:iron_leggings":1,"minecraft:diamond_boots":1,"minecraft:torch":20,"minecraft:diamond_chestplate":1,"minecraft:wheat":126},"minecraft:broken":{"minecraft:stone_pickaxe":1,"minecraft:iron_pickaxe":1},"minecraft:mined":{"minecraft:diamond_ore":24,"minecraft:tuff":30,"minecraft:white_bed":3,"minecraft:deepslate_diamond_ore":7,"minecraft:obsidian":11,"minecraft:crafting_table":1,"minecraft:granite":159,"minecraft:blast_furnace":2,"minecraft:grass_block":24,"minecraft:copper_ore":3,"minecraft:tall_grass":1,"minecraft:cobblestone":23,"minecraft:spruce_leaves":11,"minecraft:deepslate_gold_ore":1,"minecraft:diorite":89,"minecraft:blue_bed":4,"minecraft:wall_torch":1,"minecraft:spawner":1,"minecraft:hay_block":15,"minecraft:furnace":2,"minecraft:iron_ore":31,"minecraft:spruce_log":20,"minecraft:andesite":102,"minecraft:birch_leaves":4,"minecraft:deepslate_lapis_ore":3,"minecraft:grass":9,"minecraft:coal_ore":26,"minecraft:pointed_dripstone":3,"minecraft:oak_log":32,"minecraft:deepslate_iron_ore":5,"minecraft:dirt_path":2,"minecraft:gravel":12,"minecraft:dirt":54,"minecraft:smooth_basalt":5,"minecraft:stone":641,"minecraft:netherrack":86,"minecraft:gold_ore":1,"minecraft:oak_leaves":8,"minecraft:deepslate":128,"minecraft:fern":3},"minecraft:killed":{"minecraft:pig":7,"minecraft:witch":1,"minecraft:iron_golem":2,"minecraft:creeper":2,"minecraft:skeleton":12,"minecraft:zombie":8,"minecraft:glow_squid":1,"minecraft:cow":4},"minecraft:custom":{"minecraft:interact_with_furnace":26,"minecraft:mob_kills":40,"minecraft:interact_with_crafting_table":35,"minecraft:leave_game":9,"minecraft:time_since_death":184922,"minecraft:sleep_in_bed":6,"minecraft:time_since_rest":10948,"minecraft:sprint_one_cm":358600,"minecraft:damage_taken":2078,"minecraft:walk_one_cm":223350,"minecraft:damage_absorbed":40,"minecraft:damage_blocked_by_shield":830,"minecraft:drop":2,"minecraft:damage_dealt":6827,"minecraft:swim_one_cm":26575,"minecraft:talked_to_villager":5,"minecraft:fly_one_cm":546068,"minecraft:open_chest":19,"minecraft:crouch_one_cm":21525,"minecraft:play_time":191920,"minecraft:deaths":1,"minecraft:sneak_time":15244,"minecraft:walk_under_water_one_cm":14905,"minecraft:jump":2974,"minecraft:interact_with_blast_furnace":6,"minecraft:walk_on_water_one_cm":15480,"minecraft:total_world_time":191920,"minecraft:fall_one_cm":76291},"minecraft:picked_up":{"minecraft:crafting_table":1,"minecraft:glow_ink_sac":3,"minecraft:andesite":102,"minecraft:leather":1,"minecraft:flint":6,"minecraft:tuff":30,"minecraft:oak_log":32,"minecraft:gunpowder":1,"minecraft:lapis_lazuli":19,"minecraft:blue_bed":4,"minecraft:dirt":79,"minecraft:raw_copper":11,"minecraft:bone":14,"minecraft:bow":2,"minecraft:wheat_seeds":1,"minecraft:cobbled_deepslate":127,"minecraft:raw_gold":2,"minecraft:iron_ingot":10,"minecraft:beef":5,"minecraft:birch_sapling":1,"minecraft:furnace":2,"minecraft:stick":1,"minecraft:raw_iron":34,"minecraft:smooth_basalt":5,"minecraft:torch":2,"minecraft:gravel":6,"minecraft:porkchop":10,"minecraft:blast_furnace":2,"minecraft:pointed_dripstone":4,"minecraft:spruce_sapling":1,"minecraft:diorite":89,"minecraft:white_bed":3,"minecraft:spruce_log":18,"minecraft:rotten_flesh":8,"minecraft:arrow":15,"minecraft:diamond":30,"minecraft:hay_block":15,"minecraft:granite":158,"minecraft:netherrack":81,"minecraft:obsidian":11,"minecraft:coal":26,"minecraft:cobblestone":651,"minecraft:diamond_pickaxe":1},"minecraft:killed_by":{"minecraft:zombie":1},"minecraft:used":{"minecraft:water_bucket":38,"minecraft:diorite":32,"minecraft:stone_sword":27,"minecraft:flint_and_steel":1,"minecraft:stone_pickaxe":131,"minecraft:chest":2,"minecraft:shield":27,"minecraft:wooden_pickaxe":14,"minecraft:iron_sword":122,"minecraft:blue_bed":4,"minecraft:torch":16,"minecraft:golden_apple":1,"minecraft:dirt":12,"minecraft:crafting_table":9,"minecraft:blast_furnace":1,"minecraft:white_bed":2,"minecraft:obsidian":10,"minecraft:granite":18,"minecraft:diamond_pickaxe":787,"minecraft:lava_bucket":2,"minecraft:iron_axe":29,"minecraft:bread":31,"minecraft:iron_pickaxe":546,"minecraft:diamond_sword":4,"minecraft:bow":14,"minecraft:cobblestone":238,"minecraft:furnace":4,"minecraft:cooked_porkchop":9,"minecraft:bucket":42,"minecraft:andesite":16}},"DataVersion":3337}