{"stats":{"minecraft:custom":{"minecraft:mob_kills":88,"minecraft:interact_with_crafting_table":68,"minecraft:leave_game":11,"minecraft:time_since_death":47754,"minecraft:sprint_one_cm":887845,"minecraft:walk_one_cm":571627,"minecraft:damage_blocked_by_shield":1630,"minecraft:drop":77,"minecraft:talked_to_villager":6,"minecraft:play_time":389487,"minecraft:deaths":3,"minecraft:sneak_time":36910,"minecraft:walk_under_water_one_cm":18961,"minecraft:jump":5881,"minecraft:interact_with_blast_furnace":6,"minecraft:walk_on_water_one_cm":29618,"minecraft:enchant_item":6,"minecraft:total_world_time":389487,"minecraft:interact_with_furnace":36,"minecraft:sleep_in_bed":11,"minecraft:time_since_rest":18758,"minecraft:damage_taken":5247,"minecraft:damage_absorbed":40,"minecraft:damage_dealt":16659,"minecraft:swim_one_cm":58178,"minecraft:fly_one_cm":1051914,"minecraft:open_chest":27,"minecraft:crouch_one_cm":53664,"minecraft:fall_one_cm":151769,"minecraft:horse_one_cm":2162},"minecraft:killed":{"minecraft:cave_spider":5,"minecraft:witch":1,"minecraft:spider":7,"minecraft:skeleton":23,"minecraft:chicken":2,"minecraft:drowned":1,"minecraft:pig":8,"minecraft:zombie_villager":1,"minecraft:iron_golem":3,"minecraft:creeper":2,"minecraft:sheep":4,"minecraft:zombie":20,"minecraft:glow_squid":1,"minecraft:enderman":2,"minecraft:cow":5},"minecraft:crafted":{"minecraft:oak_planks":76,"minecraft:furnace":7,"minecraft:flint_and_steel":1,"minecraft:iron_boots":2,"minecraft:diamond_helmet":2,"minecraft:diamond_leggings":1,"minecraft:bow":1,"minecraft:iron_axe":1,"minecraft:stone_pickaxe":2,"minecraft:chest":2,"minecraft:diamond_boots":2,"minecraft:wheat":333,"minecraft:diamond_sword":3,"minecraft:cooked_porkchop":9,"minecraft:crafting_table":18,"minecraft:spruce_planks":48,"minecraft:wooden_pickaxe":1,"minecraft:iron_helmet":2,"minecraft:iron_sword":2,"minecraft:bucket":3,"minecraft:bread":111,"minecraft:air":0,"minecraft:iron_chestplate":2,"minecraft:diamond_pickaxe":4,"minecraft:shield":4,"minecraft:stick":56,"minecraft:iron_ingot":42,"minecraft:iron_pickaxe":9,"minecraft:stone_sword":2,"minecraft:iron_leggings":1,"minecraft:torch":28,"minecraft:diamond_chestplate":2},"minecraft:killed_by":{"minecraft:zombie":1},"minecraft:dropped":{"minecraft:bread":16,"minecraft:iron_ingot":5,"minecraft:wheat_seeds":6,"minecraft:lapis_lazuli":76,"minecraft:diamond":1,"minecraft:feather":1,"minecraft:cobblestone":1,"minecraft:grass_block":1,"minecraft:golden_apple":1,"minecraft:flint":1,"minecraft:stick":1,"minecraft:lava_bucket":1,"minecraft:dirt":1,"minecraft:iron_axe":1,"minecraft:redstone":8,"minecraft:bone":1,"minecraft:gravel":12,"minecraft:stone_sword":1,"minecraft:cobbled_deepslate":6,"minecraft:rotten_flesh":6,"minecraft:iron_boots":1,"minecraft:name_tag":1,"minecraft:diamond_sword":3,"minecraft:shield":1,"minecraft:spruce_planks":1,"minecraft:diamond_pickaxe":2,"minecraft:iron_chestplate":2,"minecraft:spider_eye":3},"minecraft:used":{"minecraft:stone_sword":27,"minecraft:flint_and_steel":1,"minecraft:chest":2,"minecraft:shield":51,"minecraft:iron_sword":233,"minecraft:netherrack":40,"minecraft:torch":28,"minecraft:dirt":47,"minecraft:mutton":4,"minecraft:carrot":3,"minecraft:granite":18,"minecraft:obsidian":21,"minecraft:lava_bucket":3,"minecraft:iron_axe":33,"minecraft:bow":14,"minecraft:furnace":7,"minecraft:potato":1,"minecraft:cobbled_deepslate":65,"minecraft:pointed_dripstone":1,"minecraft:cooked_mutton":3,"minecraft:water_bucket":43,"minecraft:diorite":36,"minecraft:stone_pickaxe":182,"minecraft:wooden_pickaxe":14,"minecraft:blue_bed":4,"minecraft:golden_apple":1,"minecraft:crafting_table":19,"minecraft:blast_furnace":1,"minecraft:white_bed":2,"minecraft:dripstone_block":3,"minecraft:diamond_pickaxe":1400,"minecraft:bread":84,"minecraft:chicken":1,"minecraft:iron_pickaxe":1516,"minecraft:gravel":8,"minecraft:diamond_sword":102,"minecraft:cobblestone":304,"minecraft:cooked_porkchop":12,"minecraft:bucket":49,"minecraft:andesite":16},"minecraft:picked_up":{"minecraft:iron_chestplate":1,"minecraft:crafting_table":1,"minecraft:chicken":1,"minecraft:diamond_sword":2,"minecraft:string":17,"minecraft:raw_copper":37,"minecraft:gold_nugget":67,"minecraft:cobbled_deepslate":286,"minecraft:spruce_planks":45,"minecraft:beef":6,"minecraft:birch_sapling":1,"minecraft:furnace":2,"minecraft:stick":1,"minecraft:raw_iron":44,"minecraft:torch":3,"minecraft:porkchop":10,"minecraft:pointed_dripstone":12,"minecraft:diorite":123,"minecraft:carrot":4,"minecraft:redstone":8,"minecraft:stone_sword":2,"minecraft:arrow":25,"minecraft:rotten_flesh":21,"minecraft:hay_block":38,"minecraft:obsidian":22,"minecraft:mutton":4,"minecraft:cobblestone":1191,"minecraft:white_wool":2,"minecraft:feather":1,"minecraft:glow_ink_sac":3,"minecraft:andesite":116,"minecraft:leather":3,"minecraft:potato":1,"minecraft:flint":8,"minecraft:tuff":30,"minecraft:oak_log":42,"minecraft:ancient_debris":6,"minecraft:gunpowder":1,"minecraft:blue_bed":4,"minecraft:lapis_lazuli":107,"minecraft:dirt":139,"minecraft:name_tag":1,"minecraft:cooked_mutton":3,"minecraft:bone":25,"minecraft:bow":2,"minecraft:wheat_seeds":8,"minecraft:raw_gold":2,"minecraft:iron_ingot":63,"minecraft:oak_planks":3,"minecraft:warped_fungus":1,"minecraft:smooth_basalt":5,"minecraft:cooked_porkchop":3,"minecraft:warped_wart_block":4,"minecraft:quartz":6,"minecraft:gravel":31,"minecraft:dripstone_block":4,"minecraft:lava_bucket":1,"minecraft:spruce_sapling":1,"minecraft:blast_furnace":2,"minecraft:grass_block":2,"minecraft:white_bed":3,"minecraft:spruce_log":18,"minecraft:spider_eye":5,"minecraft:diamond":61,"minecraft:granite":181,"minecraft:bread":3,"minecraft:netherrack":834,"minecraft:coal":75,"minecraft:ender_pearl":2,"minecraft:diamond_pickaxe":1},"minecraft:mined":{"minecraft:nether_gold_ore":16,"minecraft:diamond_ore":33,"minecraft:tuff":30,"minecraft:spruce_planks":3,"minecraft:white_bed":3,"minecraft:deepslate_diamond_ore":29,"minecraft:obsidian":12,"minecraft:granite":182,"minecraft:grass_block":42,"minecraft:spruce_leaves":11,"minecraft:spawner":3,"minecraft:hay_block":39,"minecraft:furnace":2,"minecraft:carrots":1,"minecraft:iron_ore":35,"minecraft:cobbled_deepslate":8,"minecraft:andesite":116,"minecraft:deepslate_lapis_ore":3,"minecraft:enchanting_table":1,"minecraft:pointed_dripstone":9,"minecraft:dirt_path":11,"minecraft:deepslate_iron_ore":11,"minecraft:rail":1,"minecraft:stone":1131,"minecraft:crimson_nylium":2,"minecraft:dandelion":1,"minecraft:crafting_table":1,"minecraft:torch":1,"minecraft:blast_furnace":2,"minecraft:nether_quartz_ore":4,"minecraft:tall_grass":10,"minecraft:copper_ore":10,"minecraft:cobblestone":38,"minecraft:deepslate_gold_ore":1,"minecraft:oak_planks":3,"minecraft:diorite":123,"minecraft:blue_bed":4,"minecraft:wall_torch":1,"minecraft:warped_wart_block":3,"minecraft:wheat":1,"minecraft:spruce_log":20,"minecraft:birch_leaves":4,"minecraft:grass":35,"minecraft:oak_log":42,"minecraft:coal_ore":30,"minecraft:gravel":32,"minecraft:dripstone_block":5,"minecraft:dirt":90,"minecraft:cobweb":14,"minecraft:smooth_basalt":5,"minecraft:ancient_debris":6,"minecraft:netherrack":836,"minecraft:gold_ore":1,"minecraft:oak_leaves":8,"minecraft:fern":3,"minecraft:deepslate":291},"minecraft:broken":{"minecraft:stone_pickaxe":1,"minecraft:iron_pickaxe":4}},"DataVersion":3337}