{"stats":{"minecraft:killed_by":{"minecraft:zombie":1},"minecraft:mined":{"minecraft:diamond_ore":8,"minecraft:tuff":30,"minecraft:crafting_table":1,"minecraft:granite":135,"minecraft:blast_furnace":1,"minecraft:grass_block":8,"minecraft:tall_grass":1,"minecraft:copper_ore":1,"minecraft:cobblestone":3,"minecraft:spruce_leaves":11,"minecraft:deepslate_gold_ore":1,"minecraft:diorite":48,"minecraft:blue_bed":4,"minecraft:wall_torch":1,"minecraft:spawner":1,"minecraft:hay_block":14,"minecraft:furnace":2,"minecraft:iron_ore":31,"minecraft:spruce_log":20,"minecraft:andesite":91,"minecraft:birch_leaves":4,"minecraft:deepslate_lapis_ore":3,"minecraft:grass":2,"minecraft:pointed_dripstone":3,"minecraft:coal_ore":26,"minecraft:dirt_path":2,"minecraft:deepslate_iron_ore":5,"minecraft:gravel":3,"minecraft:dirt":35,"minecraft:smooth_basalt":5,"minecraft:stone":454,"minecraft:oak_leaves":4,"minecraft:deepslate":63,"minecraft:fern":3},"minecraft:killed":{"minecraft:pig":7,"minecraft:iron_golem":2,"minecraft:skeleton":12,"minecraft:zombie":5,"minecraft:cow":3},"minecraft:picked_up":{"minecraft:crafting_table":1,"minecraft:andesite":89,"minecraft:leather":1,"minecraft:flint":2,"minecraft:tuff":30,"minecraft:lapis_lazuli":19,"minecraft:blue_bed":4,"minecraft:dirt":45,"minecraft:raw_copper":3,"minecraft:bone":14,"minecraft:bow":2,"minecraft:wheat_seeds":1,"minecraft:cobbled_deepslate":63,"minecraft:raw_gold":1,"minecraft:iron_ingot":10,"minecraft:beef":5,"minecraft:birch_sapling":1,"minecraft:furnace":2,"minecraft:raw_iron":34,"minecraft:smooth_basalt":5,"minecraft:torch":2,"minecraft:gravel":1,"minecraft:porkchop":10,"minecraft:blast_furnace":1,"minecraft:pointed_dripstone":4,"minecraft:spruce_sapling":1,"minecraft:diorite":48,"minecraft:spruce_log":18,"minecraft:arrow":13,"minecraft:rotten_flesh":5,"minecraft:diamond":8,"minecraft:hay_block":14,"minecraft:granite":134,"minecraft:coal":26,"minecraft:cobblestone":457},"minecraft:crafted":{"minecraft:cooked_porkchop":9,"minecraft:crafting_table":5,"minecraft:spruce_planks":48,"minecraft:wooden_pickaxe":1,"minecraft:iron_sword":1,"minecraft:furnace":4,"minecraft:bread":42,"minecraft:air":0,"minecraft:diamond_helmet":1,"minecraft:bow":1,"minecraft:iron_chestplate":1,"minecraft:iron_boots":1,"minecraft:diamond_pickaxe":1,"minecraft:shield":1,"minecraft:stick":16,"minecraft:iron_ingot":19,"minecraft:iron_pickaxe":1,"minecraft:stone_pickaxe":1,"minecraft:stone_sword":2,"minecraft:iron_leggings":1,"minecraft:torch":20,"minecraft:wheat":126},"minecraft:broken":{"minecraft:stone_pickaxe":1,"minecraft:iron_pickaxe":1},"minecraft:used":{"minecraft:diorite":32,"minecraft:stone_sword":27,"minecraft:stone_pickaxe":131,"minecraft:shield":20,"minecraft:wooden_pickaxe":14,"minecraft:iron_sword":95,"minecraft:blue_bed":4,"minecraft:torch":15,"minecraft:golden_apple":1,"minecraft:dirt":3,"minecraft:crafting_table":6,"minecraft:granite":18,"minecraft:diamond_pickaxe":607,"minecraft:bread":11,"minecraft:iron_pickaxe":223,"minecraft:bow":2,"minecraft:cobblestone":153,"minecraft:furnace":4,"minecraft:cooked_porkchop":9,"minecraft:andesite":16},"minecraft:custom":{"minecraft:interact_with_furnace":26,"minecraft:mob_kills":30,"minecraft:interact_with_crafting_table":21,"minecraft:leave_game":8,"minecraft:time_since_death":109798,"minecraft:sleep_in_bed":3,"minecraft:time_since_rest":19566,"minecraft:sprint_one_cm":248871,"minecraft:damage_absorbed":40,"minecraft:damage_taken":1378,"minecraft:walk_one_cm":151611,"minecraft:damage_blocked_by_shield":565,"minecraft:damage_dealt":5598,"minecraft:swim_one_cm":585,"minecraft:talked_to_villager":1,"minecraft:fly_one_cm":278179,"minecraft:open_chest":16,"minecraft:crouch_one_cm":13824,"minecraft:play_time":116796,"minecraft:deaths":1,"minecraft:sneak_time":10149,"minecraft:walk_under_water_one_cm":273,"minecraft:jump":1713,"minecraft:walk_on_water_one_cm":3574,"minecraft:total_world_time":116796,"minecraft:fall_one_cm":38675}},"DataVersion":3337}