{"stats":{"minecraft:crafted":{"minecraft:diamond_pickaxe":1,"minecraft:cooked_porkchop":6,"minecraft:crafting_table":3,"minecraft:spruce_planks":48,"minecraft:stick":12,"minecraft:wooden_pickaxe":1,"minecraft:iron_ingot":3,"minecraft:iron_pickaxe":1,"minecraft:stone_pickaxe":1,"minecraft:stone_sword":2,"minecraft:furnace":2,"minecraft:air":0},"minecraft:mined":{"minecraft:diamond_ore":4,"minecraft:iron_ore":4,"minecraft:spruce_log":20,"minecraft:andesite":17,"minecraft:granite":51,"minecraft:grass_block":3,"minecraft:coal_ore":8,"minecraft:dirt":16,"minecraft:spruce_leaves":11,"minecraft:stone":227,"minecraft:diorite":14,"minecraft:blue_bed":2,"minecraft:fern":3},"minecraft:killed_by":{"minecraft:zombie":1},"minecraft:custom":{"minecraft:time_since_rest":39700,"minecraft:interact_with_furnace":9,"minecraft:sprint_one_cm":80917,"minecraft:damage_taken":651,"minecraft:walk_one_cm":70132,"minecraft:mob_kills":8,"minecraft:damage_dealt":1859,"minecraft:swim_one_cm":120,"minecraft:interact_with_crafting_table":10,"minecraft:fly_one_cm":59997,"minecraft:open_chest":1,"minecraft:crouch_one_cm":1759,"minecraft:play_time":46668,"minecraft:deaths":1,"minecraft:sneak_time":2857,"minecraft:walk_under_water_one_cm":164,"minecraft:jump":504,"minecraft:leave_game":4,"minecraft:walk_on_water_one_cm":2086,"minecraft:time_since_death":39670,"minecraft:total_world_time":46668,"minecraft:fall_one_cm":9632},"minecraft:broken":{"minecraft:stone_pickaxe":1,"minecraft:iron_pickaxe":1},"minecraft:picked_up":{"minecraft:raw_iron":4,"minecraft:andesite":17,"minecraft:porkchop":9,"minecraft:spruce_sapling":1,"minecraft:diorite":14,"minecraft:spruce_log":18,"minecraft:blue_bed":2,"minecraft:dirt":19,"minecraft:rotten_flesh":2,"minecraft:diamond":4,"minecraft:wheat_seeds":1,"minecraft:iron_ingot":5,"minecraft:granite":50,"minecraft:coal":8,"minecraft:cobblestone":227},"minecraft:used":{"minecraft:diorite":14,"minecraft:stone_sword":27,"minecraft:stone_pickaxe":131,"minecraft:iron_pickaxe":223,"minecraft:wooden_pickaxe":14,"minecraft:blue_bed":1,"minecraft:cobblestone":65,"minecraft:crafting_table":3,"minecraft:furnace":2,"minecraft:cooked_porkchop":5,"minecraft:andesite":16,"minecraft:granite":4},"minecraft:killed":{"minecraft:pig":6,"minecraft:zombie":1,"minecraft:iron_golem":1}},"DataVersion":3337}