{"stats":{"minecraft:killed_by":{"minecraft:zombie":1},"minecraft:mined":{"minecraft:diamond_ore":8,"minecraft:tuff":30,"minecraft:crafting_table":1,"minecraft:granite":135,"minecraft:blast_furnace":2,"minecraft:grass_block":8,"minecraft:tall_grass":1,"minecraft:copper_ore":3,"minecraft:cobblestone":3,"minecraft:spruce_leaves":11,"minecraft:deepslate_gold_ore":1,"minecraft:diorite":50,"minecraft:blue_bed":4,"minecraft:wall_torch":1,"minecraft:spawner":1,"minecraft:hay_block":15,"minecraft:furnace":2,"minecraft:iron_ore":31,"minecraft:spruce_log":20,"minecraft:andesite":91,"minecraft:birch_leaves":4,"minecraft:deepslate_lapis_ore":3,"minecraft:grass":5,"minecraft:oak_log":32,"minecraft:pointed_dripstone":3,"minecraft:coal_ore":26,"minecraft:dirt_path":2,"minecraft:deepslate_iron_ore":5,"minecraft:gravel":6,"minecraft:dirt":35,"minecraft:smooth_basalt":5,"minecraft:stone":483,"minecraft:oak_leaves":4,"minecraft:deepslate":63,"minecraft:fern":3},"minecraft:killed":{"minecraft:pig":7,"minecraft:iron_golem":2,"minecraft:skeleton":12,"minecraft:zombie":5,"minecraft:cow":3},"minecraft:picked_up":{"minecraft:crafting_table":1,"minecraft:andesite":91,"minecraft:leather":1,"minecraft:flint":3,"minecraft:tuff":30,"minecraft:oak_log":32,"minecraft:lapis_lazuli":19,"minecraft:blue_bed":4,"minecraft:dirt":45,"minecraft:raw_copper":11,"minecraft:bone":14,"minecraft:bow":2,"minecraft:wheat_seeds":1,"minecraft:cobbled_deepslate":63,"minecraft:raw_gold":1,"minecraft:iron_ingot":10,"minecraft:beef":5,"minecraft:birch_sapling":1,"minecraft:furnace":2,"minecraft:raw_iron":34,"minecraft:smooth_basalt":5,"minecraft:torch":2,"minecraft:gravel":3,"minecraft:porkchop":10,"minecraft:blast_furnace":2,"minecraft:pointed_dripstone":4,"minecraft:spruce_sapling":1,"minecraft:diorite":50,"minecraft:spruce_log":18,"minecraft:arrow":15,"minecraft:rotten_flesh":5,"minecraft:diamond":8,"minecraft:hay_block":15,"minecraft:granite":134,"minecraft:coal":26,"minecraft:cobblestone":486},"minecraft:crafted":{"minecraft:oak_planks":16,"minecraft:cooked_porkchop":9,"minecraft:crafting_table":6,"minecraft:spruce_planks":48,"minecraft:wooden_pickaxe":1,"minecraft:iron_sword":1,"minecraft:furnace":4,"minecraft:bucket":2,"minecraft:bread":42,"minecraft:air":0,"minecraft:flint_and_steel":1,"minecraft:diamond_helmet":1,"minecraft:bow":1,"minecraft:iron_chestplate":1,"minecraft:iron_boots":1,"minecraft:diamond_pickaxe":1,"minecraft:shield":1,"minecraft:iron_axe":1,"minecraft:stick":24,"minecraft:iron_ingot":33,"minecraft:iron_pickaxe":3,"minecraft:stone_pickaxe":1,"minecraft:stone_sword":2,"minecraft:chest":1,"minecraft:iron_leggings":1,"minecraft:torch":20,"minecraft:wheat":126},"minecraft:broken":{"minecraft:stone_pickaxe":1,"minecraft:iron_pickaxe":1},"minecraft:used":{"minecraft:water_bucket":4,"minecraft:diorite":32,"minecraft:stone_sword":27,"minecraft:stone_pickaxe":131,"minecraft:chest":1,"minecraft:shield":25,"minecraft:wooden_pickaxe":14,"minecraft:iron_sword":98,"minecraft:blue_bed":4,"minecraft:torch":15,"minecraft:golden_apple":1,"minecraft:dirt":3,"minecraft:crafting_table":7,"minecraft:blast_furnace":1,"minecraft:granite":18,"minecraft:diamond_pickaxe":645,"minecraft:iron_axe":29,"minecraft:bread":15,"minecraft:iron_pickaxe":225,"minecraft:bow":2,"minecraft:cobblestone":185,"minecraft:furnace":4,"minecraft:cooked_porkchop":9,"minecraft:bucket":5,"minecraft:andesite":16},"minecraft:custom":{"minecraft:interact_with_furnace":26,"minecraft:mob_kills":32,"minecraft:interact_with_crafting_table":30,"minecraft:leave_game":8,"minecraft:time_since_death":121798,"minecraft:sleep_in_bed":3,"minecraft:time_since_rest":31566,"minecraft:sprint_one_cm":265518,"minecraft:damage_absorbed":40,"minecraft:damage_taken":1598,"minecraft:walk_one_cm":162507,"minecraft:damage_blocked_by_shield":670,"minecraft:damage_dealt":5767,"minecraft:swim_one_cm":2015,"minecraft:talked_to_villager":4,"minecraft:fly_one_cm":338234,"minecraft:open_chest":18,"minecraft:crouch_one_cm":13824,"minecraft:play_time":128796,"minecraft:deaths":1,"minecraft:sneak_time":10167,"minecraft:walk_under_water_one_cm":1254,"minecraft:jump":2019,"minecraft:interact_with_blast_furnace":6,"minecraft:walk_on_water_one_cm":5764,"minecraft:total_world_time":128796,"minecraft:fall_one_cm":49179}},"DataVersion":3337}