{"stats":{"minecraft:crafted":{"minecraft:diamond_pickaxe":1,"minecraft:cooked_porkchop":9,"minecraft:shield":1,"minecraft:crafting_table":4,"minecraft:spruce_planks":48,"minecraft:stick":12,"minecraft:wooden_pickaxe":1,"minecraft:iron_ingot":3,"minecraft:iron_pickaxe":1,"minecraft:stone_pickaxe":1,"minecraft:stone_sword":2,"minecraft:iron_sword":1,"minecraft:furnace":2,"minecraft:air":0},"minecraft:mined":{"minecraft:diamond_ore":4,"minecraft:iron_ore":4,"minecraft:birch_leaves":4,"minecraft:spruce_log":20,"minecraft:andesite":17,"minecraft:granite":51,"minecraft:grass_block":3,"minecraft:coal_ore":8,"minecraft:dirt":16,"minecraft:spruce_leaves":11,"minecraft:stone":227,"minecraft:oak_leaves":4,"minecraft:diorite":14,"minecraft:blue_bed":3,"minecraft:fern":3},"minecraft:killed_by":{"minecraft:zombie":1},"minecraft:custom":{"minecraft:time_since_rest":3487,"minecraft:interact_with_furnace":13,"minecraft:sprint_one_cm":121288,"minecraft:damage_taken":651,"minecraft:walk_one_cm":78456,"minecraft:mob_kills":8,"minecraft:damage_dealt":1859,"minecraft:swim_one_cm":120,"minecraft:interact_with_crafting_table":12,"minecraft:fly_one_cm":87500,"minecraft:open_chest":3,"minecraft:crouch_one_cm":1759,"minecraft:play_time":52668,"minecraft:deaths":1,"minecraft:sneak_time":2876,"minecraft:walk_under_water_one_cm":164,"minecraft:jump":609,"minecraft:leave_game":4,"minecraft:walk_on_water_one_cm":2086,"minecraft:time_since_death":45670,"minecraft:sleep_in_bed":1,"minecraft:total_world_time":52668,"minecraft:fall_one_cm":11780},"minecraft:broken":{"minecraft:stone_pickaxe":1,"minecraft:iron_pickaxe":1},"minecraft:picked_up":{"minecraft:raw_iron":4,"minecraft:andesite":17,"minecraft:porkchop":9,"minecraft:spruce_sapling":1,"minecraft:diorite":14,"minecraft:spruce_log":18,"minecraft:blue_bed":3,"minecraft:dirt":19,"minecraft:rotten_flesh":2,"minecraft:diamond":4,"minecraft:wheat_seeds":1,"minecraft:iron_ingot":5,"minecraft:granite":50,"minecraft:birch_sapling":1,"minecraft:coal":8,"minecraft:cobblestone":227},"minecraft:used":{"minecraft:diorite":14,"minecraft:stone_sword":27,"minecraft:stone_pickaxe":131,"minecraft:iron_pickaxe":223,"minecraft:iron_sword":2,"minecraft:wooden_pickaxe":14,"minecraft:blue_bed":2,"minecraft:cobblestone":65,"minecraft:crafting_table":4,"minecraft:furnace":2,"minecraft:cooked_porkchop":6,"minecraft:andesite":16,"minecraft:granite":4},"minecraft:killed":{"minecraft:pig":6,"minecraft:zombie":1,"minecraft:iron_golem":1}},"DataVersion":3337}