{"stats":{"minecraft:dropped":{"minecraft:bread":11,"minecraft:iron_ingot":5,"minecraft:wheat_seeds":1,"minecraft:lapis_lazuli":55,"minecraft:diamond":1,"minecraft:feather":1,"minecraft:cobblestone":1,"minecraft:grass_block":1,"minecraft:golden_apple":1,"minecraft:flint":1,"minecraft:stick":1,"minecraft:lava_bucket":1,"minecraft:dirt":1,"minecraft:iron_axe":1,"minecraft:bone":1,"minecraft:gravel":12,"minecraft:stone_sword":1,"minecraft:cobbled_deepslate":6,"minecraft:rotten_flesh":6,"minecraft:iron_boots":1,"minecraft:name_tag":1,"minecraft:diamond_sword":3,"minecraft:shield":1,"minecraft:spruce_planks":1,"minecraft:diamond_pickaxe":2,"minecraft:iron_chestplate":2,"minecraft:spider_eye":3},"minecraft:broken":{"minecraft:stone_pickaxe":1,"minecraft:iron_pickaxe":3},"minecraft:crafted":{"minecraft:oak_planks":76,"minecraft:furnace":7,"minecraft:flint_and_steel":1,"minecraft:iron_boots":2,"minecraft:diamond_helmet":2,"minecraft:diamond_leggings":1,"minecraft:bow":1,"minecraft:iron_axe":1,"minecraft:stone_pickaxe":2,"minecraft:chest":2,"minecraft:diamond_boots":2,"minecraft:wheat":279,"minecraft:diamond_sword":3,"minecraft:cooked_porkchop":9,"minecraft:crafting_table":17,"minecraft:spruce_planks":48,"minecraft:iron_helmet":2,"minecraft:wooden_pickaxe":1,"minecraft:iron_sword":2,"minecraft:bucket":3,"minecraft:bread":93,"minecraft:air":0,"minecraft:iron_chestplate":2,"minecraft:diamond_pickaxe":3,"minecraft:shield":4,"minecraft:stick":56,"minecraft:iron_ingot":42,"minecraft:iron_pickaxe":9,"minecraft:stone_sword":2,"minecraft:iron_leggings":1,"minecraft:torch":28,"minecraft:diamond_chestplate":2},"minecraft:mined":{"minecraft:diamond_ore":33,"minecraft:tuff":30,"minecraft:spruce_planks":3,"minecraft:white_bed":3,"minecraft:deepslate_diamond_ore":29,"minecraft:obsidian":12,"minecraft:granite":182,"minecraft:grass_block":36,"minecraft:spruce_leaves":11,"minecraft:spawner":3,"minecraft:hay_block":33,"minecraft:furnace":2,"minecraft:iron_ore":35,"minecraft:cobbled_deepslate":8,"minecraft:andesite":116,"minecraft:deepslate_lapis_ore":3,"minecraft:pointed_dripstone":9,"minecraft:dirt_path":11,"minecraft:deepslate_iron_ore":11,"minecraft:rail":1,"minecraft:stone":1131,"minecraft:dandelion":1,"minecraft:crafting_table":1,"minecraft:torch":1,"minecraft:blast_furnace":2,"minecraft:tall_grass":6,"minecraft:copper_ore":10,"minecraft:cobblestone":38,"minecraft:deepslate_gold_ore":1,"minecraft:oak_planks":3,"minecraft:diorite":123,"minecraft:blue_bed":4,"minecraft:wall_torch":1,"minecraft:spruce_log":20,"minecraft:birch_leaves":4,"minecraft:grass":22,"minecraft:oak_log":42,"minecraft:coal_ore":30,"minecraft:gravel":32,"minecraft:dripstone_block":5,"minecraft:dirt":81,"minecraft:cobweb":14,"minecraft:smooth_basalt":5,"minecraft:ancient_debris":6,"minecraft:netherrack":281,"minecraft:gold_ore":1,"minecraft:oak_leaves":8,"minecraft:fern":3,"minecraft:deepslate":291},"minecraft:killed":{"minecraft:cave_spider":5,"minecraft:witch":1,"minecraft:spider":7,"minecraft:skeleton":23,"minecraft:chicken":2,"minecraft:drowned":1,"minecraft:pig":7,"minecraft:zombie_villager":1,"minecraft:iron_golem":3,"minecraft:creeper":2,"minecraft:sheep":4,"minecraft:zombie":20,"minecraft:glow_squid":1,"minecraft:enderman":2,"minecraft:cow":5},"minecraft:custom":{"minecraft:mob_kills":87,"minecraft:interact_with_crafting_table":64,"minecraft:leave_game":11,"minecraft:time_since_death":23754,"minecraft:sprint_one_cm":811810,"minecraft:walk_one_cm":508637,"minecraft:damage_blocked_by_shield":1630,"minecraft:drop":65,"minecraft:talked_to_villager":6,"minecraft:play_time":365487,"minecraft:deaths":3,"minecraft:sneak_time":35775,"minecraft:walk_under_water_one_cm":18961,"minecraft:jump":5307,"minecraft:interact_with_blast_furnace":6,"minecraft:walk_on_water_one_cm":28704,"minecraft:enchant_item":5,"minecraft:total_world_time":365487,"minecraft:interact_with_furnace":36,"minecraft:sleep_in_bed":10,"minecraft:time_since_rest":21766,"minecraft:damage_taken":4811,"minecraft:damage_absorbed":40,"minecraft:damage_dealt":16450,"minecraft:swim_one_cm":58178,"minecraft:fly_one_cm":955208,"minecraft:open_chest":26,"minecraft:crouch_one_cm":50881,"minecraft:fall_one_cm":137281,"minecraft:horse_one_cm":2162},"minecraft:picked_up":{"minecraft:iron_chestplate":1,"minecraft:crafting_table":1,"minecraft:chicken":1,"minecraft:diamond_sword":2,"minecraft:string":17,"minecraft:raw_copper":37,"minecraft:cobbled_deepslate":286,"minecraft:spruce_planks":45,"minecraft:beef":6,"minecraft:birch_sapling":1,"minecraft:furnace":2,"minecraft:stick":1,"minecraft:raw_iron":44,"minecraft:torch":3,"minecraft:porkchop":10,"minecraft:pointed_dripstone":12,"minecraft:diorite":123,"minecraft:stone_sword":1,"minecraft:arrow":25,"minecraft:rotten_flesh":19,"minecraft:hay_block":32,"minecraft:mutton":4,"minecraft:obsidian":22,"minecraft:cobblestone":1191,"minecraft:white_wool":2,"minecraft:feather":1,"minecraft:glow_ink_sac":3,"minecraft:andesite":116,"minecraft:leather":3,"minecraft:potato":1,"minecraft:flint":8,"minecraft:tuff":30,"minecraft:oak_log":42,"minecraft:ancient_debris":6,"minecraft:gunpowder":1,"minecraft:lapis_lazuli":83,"minecraft:blue_bed":4,"minecraft:dirt":125,"minecraft:name_tag":1,"minecraft:cooked_mutton":2,"minecraft:bone":25,"minecraft:bow":2,"minecraft:wheat_seeds":2,"minecraft:raw_gold":2,"minecraft:iron_ingot":63,"minecraft:oak_planks":3,"minecraft:smooth_basalt":5,"minecraft:cooked_porkchop":3,"minecraft:gravel":31,"minecraft:dripstone_block":4,"minecraft:lava_bucket":1,"minecraft:spruce_sapling":1,"minecraft:blast_furnace":2,"minecraft:grass_block":2,"minecraft:white_bed":3,"minecraft:spruce_log":18,"minecraft:spider_eye":5,"minecraft:diamond":61,"minecraft:granite":181,"minecraft:bread":3,"minecraft:netherrack":274,"minecraft:coal":75,"minecraft:ender_pearl":2,"minecraft:diamond_pickaxe":1},"minecraft:killed_by":{"minecraft:zombie":1},"minecraft:used":{"minecraft:stone_sword":27,"minecraft:flint_and_steel":1,"minecraft:chest":2,"minecraft:shield":51,"minecraft:iron_sword":229,"minecraft:netherrack":11,"minecraft:torch":28,"minecraft:dirt":31,"minecraft:mutton":4,"minecraft:granite":18,"minecraft:obsidian":21,"minecraft:lava_bucket":3,"minecraft:iron_axe":33,"minecraft:bow":14,"minecraft:furnace":7,"minecraft:potato":1,"minecraft:cobbled_deepslate":65,"minecraft:cooked_mutton":2,"minecraft:water_bucket":43,"minecraft:diorite":36,"minecraft:stone_pickaxe":182,"minecraft:wooden_pickaxe":14,"minecraft:blue_bed":4,"minecraft:golden_apple":1,"minecraft:crafting_table":18,"minecraft:blast_furnace":1,"minecraft:white_bed":2,"minecraft:diamond_pickaxe":1082,"minecraft:bread":74,"minecraft:chicken":1,"minecraft:iron_pickaxe":1254,"minecraft:diamond_sword":102,"minecraft:cobblestone":304,"minecraft:cooked_porkchop":12,"minecraft:bucket":49,"minecraft:andesite":16}},"DataVersion":3337}